3.0,0.3333,0.3333,0.3333,1.0,-1.0,-2.0,3.0,0.3333,0.3333,0.3333,1.0,-1.0,-1.0,0.3333,0.3333,0.3333,1.0,-1.0,-1.0,0.3333,0.3333,0.3333,1.0,-1.0,-1.0,0.3333,0.3333,0.3333,2.0,2.0,1.0
0.3333,1.0,-1.0,-1.0,0.3333,0.3333,0.3333,1.0,-1.0,-1.0,0.3333,0.3333,0.3333,2.0,2.0,1.0,1.0,1.0,1.0,4.0,3.0,1.0,2.0,2.0,1.0,1.0,1.0,1.0,4.0,4.0,2.0,2.0
1.0,1.0,1.0,4.0,3.0,1.0,2.0,2.0,1.0,1.0,1.0,1.0,4.0,4.0,2.0,2.0,1.0,1.0,2.0,2.0,2.0,1.0,0.3333,0.3333,0.3333,2.0,1.0,1.0,1.0,1.0,2.0,2.0
1.0,1.0,2.0,2.0,2.0,1.0,0.3333,0.3333,0.3333,2.0,1.0,1.0,1.0,1.0,2.0,2.0,1.0,1.0,2.0,2.0,2.0,1.0,0.3333,0.3333,0.3333,2.0,1.0,1.0,1.0,1.0,1.0,0.3333
1.0,1.0,2.0,2.0,2.0,1.0,0.3333,0.3333,0.3333,2.0,1.0,1.0,1.0,1.0,1.0,0.3333,0.3333,0.3333,2.0,1.0,0.3333,0.3333,0.3333,2.0,-1.0,-0.3333,0.3333,0.3333,1.0,0.3333,0.3333,0.3333
0.3333,0.3333,2.0,1.0,0.3333,0.3333,0.3333,2.0,-1.0,-0.3333,0.3333,0.3333,1.0,0.3333,0.3333,0.3333,1.0,1.0,2.0,1.0,0.3333,0.3333,0.3333,2.0,1.0,0.3333,0.3333,0.3333,2.0,1.0,0.3333,0.3333
1.0,1.0,2.0,1.0,0.3333,0.3333,0.3333,2.0,1.0,0.3333,0.3333,0.3333,2.0,1.0,0.3333,0.3333,0.3333,1.0,1.0,1.0,0.3333,0.3333,0.3333,2.0,1.0,0.3333,0.3333,0.3333,2.0,1.0,0.3333,0.3333
0.3333,1.0,1.0,1.0,0.3333,0.3333,0.3333,2.0,1.0,0.3333,0.3333,0.3333,2.0,1.0,0.3333,0.3333,0.3333,2.0,1.0,0.3333,0.3333,0.3333,2.0,1.0,0.3333,0.3333,0.3333,2.0,1.0,0.3333,0.3333,0.3333
0.3333,2.0,1.0,0.3333,0.3333,0.3333,2.0,1.0,0.3333,0.3333,0.3333,2.0,1.0,0.3333,0.3333,0.3333,2.0,1.0,0.3333,0.3333,0.3333,2.0,1.0,0.3333,0.3333,0.3333,2.0,1.0,0.3333,0.3333,0.3333,2.0
2.0,1.0,0.3333,0.3333,0.3333,2.0,1.0,0.3333,0.3333,0.3333,2.0,1.0,0.3333,0.3333,0.3333,2.0,3.0,0.3333,0.3333,0.3333,0.75,0.25,0.3333,0.3333,0.3333,0.3333,0.3333,0.3333,0.3333,0.3333,0.3333,3.0
3.0,0.3333,0.3333,0.3333,0.75,0.25,0.3333,0.3333,0.3333,0.3333,0.3333,0.3333,0.3333,0.3333,0.3333,3.0,0.3333,0.3333,0.3333,0.75,0.25,0.3333,0.3333,0.3333,0.3333,0.3333,0.3333,0.3333,0.3333,0.3333,3.0,0.3333
0.3333,0.3333,0.3333,0.75,0.25,0.3333,0.3333,0.3333,0.3333,0.3333,0.3333,0.3333,0.3333,0.3333,3.0,0.3333,0.3333,0.3333,2.0,0.3333,0.3333,0.3333,1.0,3.0,0.3333,0.3333,0.3333,2.0,0.3333,0.3333,0.3333,1.0
0.3333,0.3333,2.0,0.3333,0.3333,0.3333,1.0,3.0,0.3333,0.3333,0.3333,2.0,0.3333,0.3333,0.3333,1.0,2.0,0.3333,0.3333,0.3333,1.0,2.0,0.3333,0.3333,0.3333,1.0,1.0,0.3333,0.3333,0.3333,1.0,0.3333
2.0,0.3333,0.3333,0.3333,1.0,2.0,0.3333,0.3333,0.3333,1.0,1.0,0.3333,0.3333,0.3333,1.0,0.3333,0.3333,0.3333,1.0,0.3333,0.3333,0.3333,1.0,1.0,1.0,0.3333,0.3333,0.3333,1.0,1.0,1.0,1.0
0.3333,0.3333,1.0,0.3333,0.3333,0.3333,1.0,1.0,1.0,0.3333,0.3333,0.3333,1.0,1.0,1.0,1.0,1.0,1.0,1.0,0.75,0.25,1.0,0.75,0.25,1.0,0.3333,0.3333,0.3333,1.0,1.0,1.0,0.3333
1.0,1.0,1.0,0.75,0.25,1.0,0.75,0.25,1.0,0.3333,0.3333,0.3333,1.0,1.0,1.0,0.3333,0.3333,0.3333,1.0,1.0,0.5,0.5,0.5,0.5,0.5,0.5,0.5,0.5,1.0,-1.0,-2.0,1.0
0.3333,0.3333,1.0,1.0,0.5,0.5,0.5,0.5,0.5,0.5,0.5,0.5,1.0,-1.0,-2.0,1.0,-1.0,-2.0,-2.0,-1.0,-0.5,0.5,0.5,0.5,0.75,0.25,1.5,0.5,0.5,0.5,0.75,0.25
-1.0,-2.0,-2.0,-1.0,-0.5,0.5,0.5,0.5,0.75,0.25,1.5,0.5,0.5,0.5,0.75,0.25,2.0,1.0,1.0,1.0,0.75,0.25,0.5,0.5,0.5,0.5,1.5,0.25,0.25,0.3333,0.3333,0.3333
2.0,1.0,1.0,1.0,0.75,0.25,0.5,0.5,0.5,0.5,1.5,0.25,0.25,0.3333,0.3333,0.3333,0.3333,0.3333,0.3333,0.3333,0.3333,0.3333,0.3333,0.3333,0.3333,0.5,0.5,0.75,0.25,1.5,0.5,0.5
0.3333,0.3333,0.3333,0.3333,0.3333,0.3333,0.3333,0.3333,0.3333,0.5,0.5,0.75,0.25,1.5,0.5,0.5,0.5,0.75,0.25,2.0,1.0,1.0,1.0,0.75,0.25,0.5,0.5,0.75,0.25,1.5,0.25,0.25
0.5,0.75,0.25,2.0,1.0,1.0,1.0,0.75,0.25,0.5,0.5,0.75,0.25,1.5,0.25,0.25,3.0,-0.5,-0.25,0.25,0.5,0.5,0.75,0.25,1.5,0.25,0.25,0.5,0.5,0.75,0.25,2.0
3.0,-0.5,-0.25,0.25,0.5,0.5,0.75,0.25,1.5,0.25,0.25,0.5,0.5,0.75,0.25,2.0,1.0,1.0,1.0,0.75,0.25,0.5,0.5,0.75,0.25,1.5,0.25,0.25,3.0,-0.5,-0.25,0.25
1.0,1.0,1.0,0.75,0.25,0.5,0.5,0.75,0.25,1.5,0.25,0.25,3.0,-0.5,-0.25,0.25,0.5,0.5,0.75,0.25,1.5,0.25,0.25,0.5,0.5,0.75,0.25,2.0,1.0,1.0,1.0,0.75
0.5,0.5,0.75,0.25,1.5,0.25,0.25,0.5,0.5,0.75,0.25,2.0,1.0,1.0,1.0,0.75,0.25,0.5,0.5,0.75,0.25,1.5,0.25,0.25,1.0,1.0,1.0,0.75,0.25,0.5,0.5,0.75
0.25,0.5,0.5,0.75,0.25,1.5,0.25,0.25,1.0,1.0,1.0,0.75,0.25,0.5,0.5,0.75,0.25,1.5,0.25,0.25,0.25,0.25,0.25,0.25,0.25,0.25,0.25,0.25,0.25,0.25,0.25,0.25
0.25,1.5,0.25,0.25,0.25,0.25,0.25,0.25,0.25,0.25,0.25,0.25,0.25,0.25,0.25,0.25,0.25,0.25,0.25,0.25,0.25,0.25,0.25,0.25,0.25,0.25,0.25,0.25,0.25,0.25,0.25,0.25
0.25,0.25,0.25,0.25,0.25,0.25,0.25,0.25,0.25,0.25,0.25,0.25,0.25,0.25,0.25,0.25,0.25,0.25,0.25,0.25,0.25,0.25,0.25,0.25,0.25,0.25,0.25,0.25,0.25,0.25,0.25,0.25
0.25,0.25,0.25,0.25,0.25,0.25,0.25,0.25,0.25,0.25,0.25,0.25,0.25,0.25,0.25,0.25,0.25,0.25,0.25,0.25,0.25,0.25,0.25,0.25,0.25,0.25,0.25,0.25,0.25,0.25,0.25,0.25
0.25,0.25,0.25,0.25,0.25,0.25,0.25,0.25,0.25,0.25,0.25,0.25,0.25,0.25,0.25,0.25,0.25,0.25,0.25,0.25,0.25,0.25,0.25,0.25,0.25,0.25,0.25,0.25,0.25,0.25,0.25,0.25
0.25,0.25,0.25,0.25,0.25,0.25,0.25,0.25,0.25,0.25,0.25,0.25,0.25,0.25,0.25,0.25,0.25,0.25,0.25,0.25,0.25,0.25,0.25,0.25,0.25,0.25,0.25,0.25,0.25,0.25,0.25,0.25
0.25,0.25,0.25,0.25,0.25,0.25,0.25,0.25,0.25,0.25,0.25,0.25,0.25,0.25,0.25,0.25,0.25,0.25,0.25,0.25,0.25,0.25,0.25,0.25,0.25,0.25,0.25,0.25,0.25,0.25,0.25,0.25
0.25,0.25,0.25,0.25,0.25,0.25,0.25,0.25,0.25,0.25,0.25,0.25,0.25,0.25,0.25,0.25,0.25,0.25,0.25,0.25,1.5,0.25,0.25,0.5,0.5,0.75,0.25,1.5,0.25,0.25,0.5,0.5
0.25,0.25,0.25,0.25,1.5,0.25,0.25,0.5,0.5,0.75,0.25,1.5,0.25,0.25,0.5,0.5,0.75,0.25,1.5,0.25,0.25,0.5,0.5,0.75,0.25,1.0,1.0,1.0,1.0,1.0,1.0,1.0
0.75,0.25,1.5,0.25,0.25,0.5,0.5,0.75,0.25,1.0,1.0,1.0,1.0,1.0,1.0,1.0,1.0,1.0,1.0,1.0,1.0,1.0,1.0,1.0,1.0,0.25,0.25,0.25,0.25,0.25,0.25,0.25
1.0,1.0,1.0,1.0,1.0,1.0,1.0,1.0,1.0,0.25,0.25,0.25,0.25,0.25,0.25,0.25,0.25,0.25,0.25,0.25,0.25,0.25,0.25,0.25,0.25,0.25,0.25,0.25,0.25,0.25,0.25,0.25
0.25,0.25,0.25,0.25,0.25,0.25,0.25,0.25,0.25,0.25,0.25,0.25,0.25,0.25,0.25,0.25,0.25,0.25,0.25,0.25,0.25,0.25,0.25,0.25,0.25,0.25,0.25,0.25,0.25,0.25,0.25,0.25
0.25,0.25,0.25,0.25,0.25,0.25,0.25,0.25,0.25,0.25,0.25,0.25,0.25,0.25,0.25,0.25,0.25,0.25,0.25,0.25,0.25,0.25,0.25,0.25,0.25,0.25,0.25,0.25,0.25,0.25,0.25,0.25
0.25,0.25,0.25,0.25,0.25,0.25,0.25,0.25,0.25,0.25,0.25,0.25,0.25,0.25,0.25,0.25,0.25,0.25,0.25,0.25,0.25,0.25,0.25,0.25,0.25,0.25,0.25,0.25,0.25,0.25,0.25,0.25
0.25,0.25,0.25,0.25,0.25,0.25,0.25,0.25,0.25,0.25,0.25,0.25,0.25,0.25,0.25,0.25,0.25,0.25,0.25,0.25,0.25,0.1667,0.1667,0.1667,0.25,0.25,0.25,0.25,0.25,0.25,0.25,0.25
0.25,0.25,0.25,0.25,0.25,0.1667,0.1667,0.1667,0.25,0.25,0.25,0.25,0.25,0.25,0.25,0.25,0.25,0.25,1.0,1.0,0.25,0.25,0.25,0.25,0.25,0.25,0.25,0.25,1.0,1.0,0.25,0.25
0.25,0.25,1.0,1.0,0.25,0.25,0.25,0.25,0.25,0.25,0.25,0.25,1.0,1.0,0.25,0.25,0.25,0.25,0.25,0.25,0.25,0.25,1.0,1.0,0.25,0.25,0.25,0.25,0.25,0.25,0.25,0.25
0.25,0.25,0.25,0.25,0.25,0.25,1.0,1.0,0.25,0.25,0.25,0.25,0.25,0.25,0.25,0.25,0.25,0.25,0.25,0.25,0.25,0.25,0.25,0.25,0.25,0.25,0.25,0.25,0.25,0.25,0.25,0.25
0.25,0.25,0.25,0.25,0.25,0.25,0.25,0.25,0.25,0.25,0.25,0.25,0.25,0.25,0.25,0.25,1.0,1.0,0.25,0.25,0.25,0.25,0.25,0.25,0.25,0.25,1.0,1.0,0.25,0.25,0.25,0.25
1.0,1.0,0.25,0.25,0.25,0.25,0.25,0.25,0.25,0.25,1.0,1.0,0.25,0.25,0.25,0.25,0.25,0.25,0.25,0.25,1.0,1.0,0.25,0.25,0.25,0.25,0.25,0.25,0.25,0.25,0.25,0.25
0.25,0.25,0.25,0.25,1.0,1.0,0.25,0.25,0.25,0.25,0.25,0.25,0.25,0.25,0.25,0.25,0.25,0.25,0.25,0.25,0.25,0.25,0.25,0.25,0.25,0.25,0.25,0.25,0.25,0.25,1.0,1.0
0.25,0.25,0.25,0.25,0.25,0.25,0.25,0.25,0.25,0.25,0.25,0.25,0.25,0.25,1.0,1.0,0.25,0.25,0.25,0.25,0.25,0.25,0.25,0.25,0.25,0.25,0.25,0.25,0.25,0.25,0.25,0.25
0.25,0.25,0.25,0.25,0.25,0.25,0.25,0.25,0.25,0.25,0.25,0.25,0.25,0.25,0.25,0.25,0.25,0.25,0.25,0.25,0.25,0.25,0.25,0.25,0.25,0.25,0.25,0.25,0.25,0.25,0.25,0.25
0.25,0.25,0.25,0.25,0.25,0.25,0.25,0.25,0.25,0.25,0.25,0.25,0.25,0.25,0.25,0.25,0.25,0.25,0.25,0.25,0.25,0.25,0.25,0.25,0.25,0.25,0.25,0.25,0.25,0.25,0.25,0.25
0.25,0.25,0.25,0.25,0.25,0.25,0.25,0.25,0.25,0.25,0.25,0.25,0.25,0.25,0.25,0.25,1.0,-1.0,-1.0,-0.5,-0.25,0.25,0.5,0.5,0.75,0.25,1.5,0.5,0.5,0.5,0.75,0.25
1.0,-1.0,-1.0,-0.5,-0.25,0.25,0.5,0.5,0.75,0.25,1.5,0.5,0.5,0.5,0.75,0.25,1.5,0.5,0.5,0.5,0.75,0.25,2.0,1.0,1.0,1.0,1.0,2.0,2.0,1.0,-0.5,-0.25
1.5,0.5,0.5,0.5,0.75,0.25,2.0,1.0,1.0,1.0,1.0,2.0,2.0,1.0,-0.5,-0.25,0.25,0.5,0.5,0.75,0.25,1.5,0.5,0.5,0.5,0.75,0.25,1.5,0.5,0.5,0.5,0.75
0.25,0.5,0.5,0.75,0.25,1.5,0.5,0.5,0.5,0.75,0.25,1.5,0.5,0.5,0.5,0.75,0.25,1.5,0.5,0.5,0.5,0.75,0.25,2.0,2.0,0.5,0.5,0.75,0.25,2.0,2.0,0.5
0.25,1.5,0.5,0.5,0.5,0.75,0.25,2.0,2.0,0.5,0.5,0.75,0.25,2.0,2.0,0.5,0.5,0.75,0.25,3.0,1.0,0.5,0.5,0.75,0.25,0.5,0.5,0.75,0.25,0.5,0.5,0.75
0.5,0.75,0.25,3.0,1.0,0.5,0.5,0.75,0.25,0.5,0.5,0.75,0.25,0.5,0.5,0.75,0.25,0.5,0.5,0.75,0.25,0.5,0.5,0.75,0.25,0.5,0.5,0.5,0.5,0.75,0.25,0.5
0.25,0.5,0.5,0.75,0.25,0.5,0.5,0.75,0.25,0.5,0.5,0.5,0.5,0.75,0.25,0.5,0.5,0.5,0.5,0.75,0.25,1.0,1.0,0.5,0.5,0.5,0.5,2.0,1.5,0.5,1.0,-0.5
0.5,0.5,0.5,0.75,0.25,1.0,1.0,0.5,0.5,0.5,0.5,2.0,1.5,0.5,1.0,-0.5,-0.25,0.25,0.5,0.5,0.75,0.25,1.5,0.25,0.25,0.5,0.5,0.75,0.25,1.5,0.25,0.25
-0.25,0.25,0.5,0.5,0.75,0.25,1.5,0.25,0.25,0.5,0.5,0.75,0.25,1.5,0.25,0.25,0.5,0.5,0.75,0.25,1.5,0.25,0.25,0.5,0.5,0.75,0.25,0.75,0.25,0.75,0.25,0.75
0.5,0.5,0.75,0.25,1.5,0.25,0.25,0.5,0.5,0.75,0.25,0.75,0.25,0.75,0.25,0.75,0.25,0.75,0.25,1.0,-1.0,1.0,-1.0,1.0,-1.0,-2.0,3.0,0.3333,0.3333,0.3333,1.0,-1.0
0.25,0.75,0.25,1.0,-1.0,1.0,-1.0,1.0,-1.0,-2.0,3.0,0.3333,0.3333,0.3333,1.0,-1.0,-2.0,3.0,0.3333,0.3333,0.3333,1.0,-1.0,-1.0,0.3333,0.3333,0.3333,1.0,-1.0,-1.0,0.3333,0.3333
-2.0,3.0,0.3333,0.3333,0.3333,1.0,-1.0,-1.0,0.3333,0.3333,0.3333,1.0,-1.0,-1.0,0.3333,0.3333,0.3333,1.0,-1.0,-1.0,0.3333,0.3333,0.3333,2.0,2.0,1.0,1.0,1.0,1.0,4.0,3.0,1.0
0.3333,1.0,-1.0,-1.0,0.3333,0.3333,0.3333,2.0,2.0,1.0,1.0,1.0,1.0,4.0,3.0,1.0,2.0,2.0,1.0,1.0,1.0,1.0,4.0,4.0,2.0,2.0,1.0,1.0,2.0,2.0,2.0,1.0
2.0,2.0,1.0,1.0,1.0,1.0,4.0,4.0,2.0,2.0,1.0,1.0,2.0,2.0,2.0,1.0,0.3333,0.3333,0.3333,2.0,1.0,1.0,1.0,1.0,2.0,2.0,1.0,1.0,2.0,2.0,2.0,1.0
0.3333,0.3333,0.3333,2.0,1.0,1.0,1.0,1.0,2.0,2.0,1.0,1.0,2.0,2.0,2.0,1.0,0.3333,0.3333,0.3333,2.0,1.0,1.0,1.0,1.0,1.0,0.3333,0.3333,0.3333,2.0,1.0,0.3333,0.3333
0.3333,0.3333,0.3333,2.0,1.0,1.0,1.0,1.0,1.0,0.3333,0.3333,0.3333,2.0,1.0,0.3333,0.3333,0.3333,2.0,-1.0,-0.3333,0.3333,0.3333,1.0,0.3333,0.3333,0.3333,1.0,1.0,2.0,1.0,0.3333,0.3333
0.3333,2.0,-1.0,-0.3333,0.3333,0.3333,1.0,0.3333,0.3333,0.3333,1.0,1.0,2.0,1.0,0.3333,0.3333,0.3333,2.0,1.0,0.3333,0.3333,0.3333,2.0,1.0,0.3333,0.3333,0.3333,1.0,1.0,1.0,0.3333,0.3333
0.3333,2.0,1.0,0.3333,0.3333,0.3333,2.0,1.0,0.3333,0.3333,0.3333,1.0,1.0,1.0,0.3333,0.3333,0.3333,2.0,1.0,0.3333,0.3333,0.3333,2.0,1.0,0.3333,0.3333,0.3333,2.0,1.0,0.3333,0.3333,0.3333
0.3333,2.0,1.0,0.3333,0.3333,0.3333,2.0,1.0,0.3333,0.3333,0.3333,2.0,1.0,0.3333,0.3333,0.3333,2.0,1.0,0.3333,0.3333,0.3333,2.0,1.0,0.3333,0.3333,0.3333,2.0,1.0,0.3333,0.3333,0.3333,2.0
2.0,1.0,0.3333,0.3333,0.3333,2.0,1.0,0.3333,0.3333,0.3333,2.0,1.0,0.3333,0.3333,0.3333,2.0,1.0,0.3333,0.3333,0.3333,2.0,1.0,0.3333,0.3333,0.3333,2.0,3.0,0.3333,0.3333,0.3333,0.75,0.25
1.0,0.3333,0.3333,0.3333,2.0,1.0,0.3333,0.3333,0.3333,2.0,3.0,0.3333,0.3333,0.3333,0.75,0.25,0.3333,0.3333,0.3333,0.3333,0.3333,0.3333,0.3333,0.3333,0.3333,3.0,0.3333,0.3333,0.3333,0.75,0.25,0.3333
0.3333,0.3333,0.3333,0.3333,0.3333,0.3333,0.3333,0.3333,0.3333,3.0,0.3333,0.3333,0.3333,0.75,0.25,0.3333,0.3333,0.3333,0.3333,0.3333,0.3333,0.3333,0.3333,0.3333,3.0,0.3333,0.3333,0.3333,2.0,0.3333,0.3333,0.3333
0.3333,0.3333,0.3333,0.3333,0.3333,0.3333,0.3333,0.3333,3.0,0.3333,0.3333,0.3333,2.0,0.3333,0.3333,0.3333,1.0,3.0,0.3333,0.3333,0.3333,2.0,0.3333,0.3333,0.3333,1.0,2.0,0.3333,0.3333,0.3333,1.0,2.0
1.0,3.0,0.3333,0.3333,0.3333,2.0,0.3333,0.3333,0.3333,1.0,2.0,0.3333,0.3333,0.3333,1.0,2.0,0.3333,0.3333,0.3333,1.0,1.0,0.3333,0.3333,0.3333,1.0,0.3333,0.3333,0.3333,1.0,0.3333,0.3333,0.3333
0.3333,0.3333,0.3333,1.0,1.0,0.3333,0.3333,0.3333,1.0,0.3333,0.3333,0.3333,1.0,0.3333,0.3333,0.3333,1.0,1.0,1.0,0.3333,0.3333,0.3333,1.0,1.0,1.0,1.0,1.0,1.0,1.0,0.75,0.25,1.0
1.0,1.0,1.0,0.3333,0.3333,0.3333,1.0,1.0,1.0,1.0,1.0,1.0,1.0,0.75,0.25,1.0,0.75,0.25,1.0,0.3333,0.3333,0.3333,1.0,1.0,1.0,0.3333,0.3333,0.3333,1.0,1.0,0.5,0.5
0.75,0.25,1.0,0.3333,0.3333,0.3333,1.0,1.0,1.0,0.3333,0.3333,0.3333,1.0,1.0,0.5,0.5,0.5,0.5,0.5,0.5,0.5,0.5,1.0,-1.0,-2.0,1.0,-1.0,-2.0,-2.0,-1.0,-0.5,0.5
0.5,0.5,0.5,0.5,0.5,0.5,1.0,-1.0,-2.0,1.0,-1.0,-2.0,-2.0,-1.0,-0.5,0.5,0.5,0.5,0.75,0.25,1.5,0.5,0.5,0.5,0.75,0.25,2.0,1.0,1.0,1.0,0.75,0.25
0.5,0.5,0.75,0.25,1.5,0.5,0.5,0.5,0.75,0.25,2.0,1.0,1.0,1.0,0.75,0.25,0.5,0.5,0.5,0.5,1.5,0.25,0.25,0.3333,0.3333,0.3333,0.3333,0.3333,0.3333,0.3333,0.3333,0.3333
0.5,0.5,0.5,0.5,1.5,0.25,0.25,0.3333,0.3333,0.3333,0.3333,0.3333,0.3333,0.3333,0.3333,0.3333,0.3333,0.3333,0.3333,0.5,0.5,0.75,0.25,1.5,0.5,0.5,0.5,0.75,0.25,2.0,1.0,1.0
0.3333,0.3333,0.3333,0.5,0.5,0.75,0.25,1.5,0.5,0.5,0.5,0.75,0.25,2.0,1.0,1.0,1.0,0.75,0.25,0.5,0.5,0.75,0.25,1.5,0.25,0.25,3.0,-0.5,-0.25,0.25,0.5,0.5
1.0,0.75,0.25,0.5,0.5,0.75,0.25,1.5,0.25,0.25,3.0,-0.5,-0.25,0.25,0.5,0.5,0.75,0.25,1.5,0.25,0.25,0.5,0.5,0.75,0.25,2.0,1.0,1.0,1.0,0.75,0.25,0.5
0.75,0.25,1.5,0.25,0.25,0.5,0.5,0.75,0.25,2.0,1.0,1.0,1.0,0.75,0.25,0.5,0.5,0.75,0.25,1.5,0.25,0.25,3.0,-0.5,-0.25,0.25,0.5,0.5,0.75,0.25,1.5,0.25
0.5,0.75,0.25,1.5,0.25,0.25,3.0,-0.5,-0.25,0.25,0.5,0.5,0.75,0.25,1.5,0.25,0.25,0.5,0.5,0.75,0.25,2.0,1.0,1.0,1.0,0.75,0.25,0.5,0.5,0.75,0.25,1.5
0.25,0.5,0.5,0.75,0.25,2.0,1.0,1.0,1.0,0.75,0.25,0.5,0.5,0.75,0.25,1.5,0.25,0.25,1.0,1.0,1.0,0.75,0.25,0.5,0.5,0.75,0.25,1.5,0.25,0.25,0.25,0.25
0.25,0.25,1.0,1.0,1.0,0.75,0.25,0.5,0.5,0.75,0.25,1.5,0.25,0.25,0.25,0.25,0.25,0.25,0.25,0.25,0.25,0.25,0.25,0.25,0.25,0.25,0.25,0.25,0.25,0.25,0.25,0.25
0.25,0.25,0.25,0.25,0.25,0.25,0.25,0.25,0.25,0.25,0.25,0.25,0.25,0.25,0.25,0.25,0.25,0.25,0.25,0.25,0.25,0.25,0.25,0.25,0.25,0.25,0.25,0.25,0.25,0.25,0.25,0.25
0.25,0.25,0.25,0.25,0.25,0.25,0.25,0.25,0.25,0.25,0.25,0.25,0.25,0.25,0.25,0.25,0.25,0.25,0.25,0.25,0.25,0.25,0.25,0.25,0.25,0.25,0.25,0.25,0.25,0.25,0.25,0.25
0.25,0.25,0.25,0.25,0.25,0.25,0.25,0.25,0.25,0.25,0.25,0.25,0.25,0.25,0.25,0.25,0.25,0.25,0.25,0.25,0.25,0.25,0.25,0.25,0.25,0.25,0.25,0.25,0.25,0.25,0.25,0.25
0.25,0.25,0.25,0.25,0.25,0.25,0.25,0.25,0.25,0.25,0.25,0.25,0.25,0.25,0.25,0.25,0.25,0.25,0.25,0.25,0.25,0.25,0.25,0.25,0.25,0.25,0.25,0.25,0.25,0.25,0.25,0.25
0.25,0.25,0.25,0.25,0.25,0.25,0.25,0.25,0.25,0.25,0.25,0.25,0.25,0.25,0.25,0.25,0.25,0.25,0.25,0.25,0.25,0.25,0.25,0.25,0.25,0.25,0.25,0.25,0.25,0.25,0.25,0.25
0.25,0.25,0.25,0.25,0.25,0.25,0.25,0.25,0.25,0.25,0.25,0.25,0.25,0.25,0.25,0.25,0.25,0.25,0.25,0.25,0.25,0.25,0.25,0.25,0.25,0.25,0.25,0.25,0.25,0.25,1.5,0.25
0.25,0.25,0.25,0.25,0.25,0.25,0.25,0.25,0.25,0.25,0.25,0.25,0.25,0.25,1.5,0.25,0.25,0.5,0.5,0.75,0.25,1.5,0.25,0.25,0.5,0.5,0.75,0.25,1.5,0.25,0.25,0.5
0.25,0.5,0.5,0.75,0.25,1.5,0.25,0.25,0.5,0.5,0.75,0.25,1.5,0.25,0.25,0.5,0.5,0.75,0.25,1.0,1.0,1.0,1.0,1.0,1.0,1.0,1.0,1.0,1.0,1.0,1.0,1.0
0.5,0.75,0.25,1.0,1.0,1.0,1.0,1.0,1.0,1.0,1.0,1.0,1.0,1.0,1.0,1.0,1.0,1.0,1.0,0.25,0.25,0.25,0.25,0.25,0.25,0.25,0.25,0.25,0.25,0.25,0.25,0.25
1.0,1.0,1.0,0.25,0.25,0.25,0.25,0.25,0.25,0.25,0.25,0.25,0.25,0.25,0.25,0.25,0.25,0.25,0.25,0.25,0.25,0.25,0.25,0.25,0.25,0.25,0.25,0.25,0.25,0.25,0.25,0.25
0.25,0.25,0.25,0.25,0.25,0.25,0.25,0.25,0.25,0.25,0.25,0.25,0.25,0.25,0.25,0.25,0.25,0.25,0.25,0.25,0.25,0.25,0.25,0.25,0.25,0.25,0.25,0.25,0.25,0.25,0.25,0.25
0.25,0.25,0.25,0.25,0.25,0.25,0.25,0.25,0.25,0.25,0.25,0.25,0.25,0.25,0.25,0.25,0.25,0.25,0.25,0.25,0.25,0.25,0.25,0.25,0.25,0.25,0.25,0.25,0.25,0.25,0.25,0.25
0.25,0.25,0.25,0.25,0.25,0.25,0.25,0.25,0.25,0.25,0.25,0.25,0.25,0.25,0.25,0.25,0.25,0.25,0.25,0.25,0.25,0.25,0.25,0.25,0.25,0.25,0.25,0.25,0.25,0.25,0.25,0.1667
0.25,0.25,0.25,0.25,0.25,0.25,0.25,0.25,0.25,0.25,0.25,0.25,0.25,0.25,0.25,0.1667,0.1667,0.1667,0.25,0.25,0.25,0.25,0.25,0.25,0.25,0.25,0.25,0.25,1.0,1.0,0.25,0.25
0.1667,0.1667,0.25,0.25,0.25,0.25,0.25,0.25,0.25,0.25,0.25,0.25,1.0,1.0,0.25,0.25,0.25,0.25,0.25,0.25,0.25,0.25,1.0,1.0,0.25,0.25,0.25,0.25,0.25,0.25,0.25,0.25
0.25,0.25,0.25,0.25,0.25,0.25,1.0,1.0,0.25,0.25,0.25,0.25,0.25,0.25,0.25,0.25,1.0,1.0,0.25,0.25,0.25,0.25,0.25,0.25,0.25,0.25,0.25,0.25,0.25,0.25,0.25,0.25
1.0,1.0,0.25,0.25,0.25,0.25,0.25,0.25,0.25,0.25,0.25,0.25,0.25,0.25,0.25,0.25,0.25,0.25,0.25,0.25,0.25,0.25,0.25,0.25,0.25,0.25,1.0,1.0,0.25,0.25,0.25,0.25
0.25,0.25,0.25,0.25,0.25,0.25,0.25,0.25,0.25,0.25,1.0,1.0,0.25,0.25,0.25,0.25,0.25,0.25,0.25,0.25,1.0,1.0,0.25,0.25,0.25,0.25,0.25,0.25,0.25,0.25,1.0,1.0
0.25,0.25,0.25,0.25,1.0,1.0,0.25,0.25,0.25,0.25,0.25,0.25,0.25,0.25,1.0,1.0,0.25,0.25,0.25,0.25,0.25,0.25,0.25,0.25,0.25,0.25,0.25,0.25,0.25,0.25,0.25,0.25
0.25,0.25,0.25,0.25,0.25,0.25,0.25,0.25,0.25,0.25,0.25,0.25,0.25,0.25,0.25,0.25,0.25,0.25,0.25,0.25,0.25,0.25,0.25,0.25,1.0,1.0,0.25,0.25,0.25,0.25,0.25,0.25
0.25,0.25,0.25,0.25,0.25,0.25,0.25,0.25,1.0,1.0,0.25,0.25,0.25,0.25,0.25,0.25,0.25,0.25,0.25,0.25,0.25,0.25,0.25,0.25,0.25,0.25,0.25,0.25,0.25,0.25,0.25,0.25
0.25,0.25,0.25,0.25,0.25,0.25,0.25,0.25,0.25,0.25,0.25,0.25,0.25,0.25,0.25,0.25,0.25,0.25,0.25,0.25,0.25,0.25,0.25,0.25,0.25,0.25,0.25,0.25,0.25,0.25,0.25,0.25
0.25,0.25,0.25,0.25,0.25,0.25,0.25,0.25,0.25,0.25,0.25,0.25,0.25,0.25,0.25,0.25,0.25,0.25,0.25,0.25,0.25,0.25,0.25,0.25,0.25,0.25,1.0,-1.0,-1.0,-0.5,-0.25,0.25
0.25,0.25,0.25,0.25,0.25,0.25,0.25,0.25,0.25,0.25,1.0,-1.0,-1.0,-0.5,-0.25,0.25,0.5,0.5,0.75,0.25,1.5,0.5,0.5,0.5,0.75,0.25,1.5,0.5,0.5,0.5,0.75,0.25
0.5,0.5,0.75,0.25,1.5,0.5,0.5,0.5,0.75,0.25,1.5,0.5,0.5,0.5,0.75,0.25,2.0,1.0,1.0,1.0,1.0,2.0,2.0,1.0,-0.5,-0.25,0.25,0.5,0.5,0.75,0.25,1.5
2.0,1.0,1.0,1.0,1.0,2.0,2.0,1.0,-0.5,-0.25,0.25,0.5,0.5,0.75,0.25,1.5,0.5,0.5,0.5,0.75,0.25,1.5,0.5,0.5,0.5,0.75,0.25,1.5,0.5,0.5,0.5,0.75
0.5,0.5,0.5,0.75,0.25,1.5,0.5,0.5,0.5,0.75,0.25,1.5,0.5,0.5,0.5,0.75,0.25,2.0,2.0,0.5,0.5,0.75,0.25,2.0,2.0,0.5,0.5,0.75,0.25,3.0,1.0,0.5
0.25,2.0,2.0,0.5,0.5,0.75,0.25,2.0,2.0,0.5,0.5,0.75,0.25,3.0,1.0,0.5,0.5,0.75,0.25,0.5,0.5,0.75,0.25,0.5,0.5,0.75,0.25,0.5,0.5,0.75,0.25,0.5
0.5,0.75,0.25,0.5,0.5,0.75,0.25,0.5,0.5,0.75,0.25,0.5,0.5,0.75,0.25,0.5,0.5,0.75,0.25,0.5,0.5,0.5,0.5,0.75,0.25,0.5,0.5,0.5,0.5,0.75,0.25,1.0
0.5,0.75,0.25,0.5,0.5,0.5,0.5,0.75,0.25,0.5,0.5,0.5,0.5,0.75,0.25,1.0,1.0,0.5,0.5,0.5,0.5,2.0,1.5,0.5,1.0,-0.5,-0.25,0.25,0.5,0.5,0.75,0.25
1.0,0.5,0.5,0.5,0.5,2.0,1.5,0.5,1.0,-0.5,-0.25,0.25,0.5,0.5,0.75,0.25,1.5,0.25,0.25,0.5,0.5,0.75,0.25,1.5,0.25,0.25,0.5,0.5,0.75,0.25,1.5,0.25
1.5,0.25,0.25,0.5,0.5,0.75,0.25,1.5,0.25,0.25,0.5,0.5,0.75,0.25,1.5,0.25,0.25,0.5,0.5,0.75,0.25,0.75,0.25,0.75,0.25,0.75,0.25,0.75,0.25,1.0,-1.0,1.0
0.25,0.5,0.5,0.75,0.25,0.75,0.25,0.75,0.25,0.75,0.25,0.75,0.25,1.0,-1.0,1.0,-1.0,1.0,-1.0,-2.0,1.0,-1.0,-2.0,-4.0,-4.0,0.25,0.25,0.25,0.25,0.25,0.25,0.25
-1.0,1.0,-1.0,-2.0,1.0,-1.0,-2.0,-4.0,-4.0,0.25,0.25,0.25,0.25,0.25,0.25,0.25,0.25,0.25,0.25,0.25,0.25,0.25,0.25,0.25,0.25,0.75,0.25,3.0,1.0,-1.0,-1.0,1.0
0.25,0.25,0.25,0.25,0.25,0.25,0.25,0.25,0.25,0.75,0.25,3.0,1.0,-1.0,-1.0,1.0,-2.0,-1.0,1.0,-2.0,1.0,-1.0,-4.0,0.25,0.25,0.25,0.25,0.25,0.25,0.25,0.25,0.25
-2.0,-1.0,1.0,-2.0,1.0,-1.0,-4.0,0.25,0.25,0.25,0.25,0.25,0.25,0.25,0.25,0.25,0.25,0.25,0.25,0.25,0.25,0.25,0.25,0.75,0.25,3.0,1.0,-0.5,-0.25,0.25,0.5,0.5
0.25,0.25,0.25,0.25,0.25,0.25,0.25,0.75,0.25,3.0,1.0,-0.5,-0.25,0.25,0.5,0.5,0.75,0.25,1.0,-0.5,-0.25,0.25,0.5,0.5,0.75,0.25,0.75,0.25,0.75,0.25,0.75,0.25
0.75,0.25,1.0,-0.5,-0.25,0.25,0.5,0.5,0.75,0.25,0.75,0.25,0.75,0.25,0.75,0.25,0.75,0.25,0.75,0.25,0.75,0.25,0.75,0.25,0.75,0.25,1.0,-0.5,-0.25,0.25,0.5,0.5
0.75,0.25,0.75,0.25,0.75,0.25,0.75,0.25,0.75,0.25,1.0,-0.5,-0.25,0.25,0.5,0.5,0.75,0.25,1.0,0.3333,0.3333,0.3333,2.0,1.0,0.75,0.25,0.5,0.5,0.75,0.25,1.0,0.3333
0.75,0.25,1.0,0.3333,0.3333,0.3333,2.0,1.0,0.75,0.25,0.5,0.5,0.75,0.25,1.0,0.3333,0.3333,0.3333,2.0,1.0,0.75,0.25,0.5,0.5,0.75,0.25,0.75,0.25,0.75,0.25,0.75,0.25
0.3333,0.3333,2.0,1.0,0.75,0.25,0.5,0.5,0.75,0.25,0.75,0.25,0.75,0.25,0.75,0.25,0.75,0.25,0.75,0.25,0.75,0.25,0.75,0.25,0.75,0.25,1.0,-0.5,-0.25,0.25,0.5,0.5
0.75,0.25,0.75,0.25,0.75,0.25,0.75,0.25,0.75,0.25,1.0,-0.5,-0.25,0.25,0.5,0.5,0.75,0.25,0.5,0.5,0.75,0.25,0.5,0.5,0.75,0.25,0.5,0.5,0.5,0.5,0.75,0.125
0.75,0.25,0.5,0.5,0.75,0.25,0.5,0.5,0.75,0.25,0.5,0.5,0.5,0.5,0.75,0.125,-0.0312,0.0938,0.75,0.25,1.0,-0.5,-0.25,0.25,0.5,0.5,0.75,0.25,1.0,0.3333,0.3333,0.3333
-0.0312,0.0938,0.75,0.25,1.0,-0.5,-0.25,0.25,0.5,0.5,0.75,0.25,1.0,0.3333,0.3333,0.3333,2.0,1.0,0.75,0.25,0.5,0.5,0.75,0.25,1.0,0.3333,0.3333,0.3333,2.0,1.0,0.75,0.25
2.0,1.0,0.75,0.25,0.5,0.5,0.75,0.25,1.0,0.3333,0.3333,0.3333,2.0,1.0,0.75,0.25,0.5,0.5,0.75,0.25,0.75,0.25,0.75,0.25,0.75,0.25,0.75,0.25,0.75,0.25,0.75,0.25
0.5,0.5,0.75,0.25,0.75,0.25,0.75,0.25,0.75,0.25,0.75,0.25,0.75,0.25,0.75,0.25,0.75,0.25,0.75,0.25,1.0,-0.5,-0.25,0.25,0.5,0.5,0.75,0.25,0.5,0.5,0.75,0.25
0.75,0.25,0.75,0.25,1.0,-0.5,-0.25,0.25,0.5,0.5,0.75,0.25,0.5,0.5,0.75,0.25,0.5,0.5,0.75,0.25,0.5,0.5,0.5,0.5,0.75,0.125,-0.0312,0.0938,0.75,0.25,1.5,0.25
0.5,0.5,0.75,0.25,0.5,0.5,0.5,0.5,0.75,0.125,-0.0312,0.0938,0.75,0.25,1.5,0.25,0.25,0.5,0.5,0.75,0.25,1.5,0.25,0.25,0.5,0.5,0.75,0.25,1.5,0.25,0.25,0.5
0.25,0.5,0.5,0.75,0.25,1.5,0.25,0.25,0.5,0.5,0.75,0.25,1.5,0.25,0.25,0.5,0.5,0.75,0.25,1.5,0.25,0.25,0.5,0.5,0.75,0.25,1.5,0.25,0.25,0.5,0.5,0.75
0.5,0.75,0.25,1.5,0.25,0.25,0.5,0.5,0.75,0.25,1.5,0.25,0.25,0.5,0.5,0.75,0.25,1.5,0.25,0.25,1.5,0.25,0.25,0.5,0.5,0.75,0.25,1.5,0.25,0.25,0.5,0.5
0.25,1.5,0.25,0.25,1.5,0.25,0.25,0.5,0.5,0.75,0.25,1.5,0.25,0.25,0.5,0.5,0.75,0.25,1.5,0.25,0.25,0.75,0.25,0.75,0.25,0.75,0.25,0.75,0.25,0.75,0.25,0.75
0.75,0.25,1.5,0.25,0.25,0.75,0.25,0.75,0.25,0.75,0.25,0.75,0.25,0.75,0.25,0.75,0.25,0.75,0.25,0.75,0.25,1.0,1.0,-2.0,-4.0,3.0,0.3333,0.3333,0.3333,3.0,0.3333,0.3333
0.25,0.75,0.25,0.75,0.25,1.0,1.0,-2.0,-4.0,3.0,0.3333,0.3333,0.3333,3.0,0.3333,0.3333,0.3333,3.0,0.3333,0.3333,0.3333,3.0,1.0,1.0,-1.0,-1.0,1.0,3.0,0.3333,0.3333,0.3333,3.0
0.3333,3.0,0.3333,0.3333,0.3333,3.0,1.0,1.0,-1.0,-1.0,1.0,3.0,0.3333,0.3333,0.3333,3.0,0.3333,0.3333,0.3333,3.0,0.3333,0.3333,0.3333,3.0,0.3333,0.3333,0.3333,1.0,0.3333,0.3333,0.3333,1.0
0.3333,0.3333,0.3333,3.0,0.3333,0.3333,0.3333,3.0,0.3333,0.3333,0.3333,1.0,0.3333,0.3333,0.3333,1.0,1.0,3.0,0.3333,0.3333,0.3333,0.75,0.25,0.3333,0.3333,0.3333,0.3333,0.3333,0.3333,0.3333,0.3333,0.3333
1.0,3.0,0.3333,0.3333,0.3333,0.75,0.25,0.3333,0.3333,0.3333,0.3333,0.3333,0.3333,0.3333,0.3333,0.3333,3.0,0.3333,0.3333,0.3333,0.75,0.25,0.3333,0.3333,0.3333,0.3333,0.3333,0.3333,0.3333,0.3333,0.3333,3.0
3.0,0.3333,0.3333,0.3333,0.75,0.25,0.3333,0.3333,0.3333,0.3333,0.3333,0.3333,0.3333,0.3333,0.3333,3.0,0.3333,0.3333,0.3333,2.0,0.3333,0.3333,0.3333,1.0,3.0,0.3333,0.3333,0.3333,2.0,0.3333,0.3333,0.3333
0.3333,0.3333,0.3333,2.0,0.3333,0.3333,0.3333,1.0,3.0,0.3333,0.3333,0.3333,2.0,0.3333,0.3333,0.3333,1.0,2.0,0.3333,0.3333,0.3333,1.0,2.0,0.3333,0.3333,0.3333,1.0,1.0,0.3333,0.3333,0.3333,-1.0
1.0,2.0,0.3333,0.3333,0.3333,1.0,2.0,0.3333,0.3333,0.3333,1.0,1.0,0.3333,0.3333,0.3333,-1.0,-0.3333,0.3333,0.3333,1.0,0.3333,0.3333,0.3333,1.0,1.0,1.0,0.3333,0.3333,0.3333,1.0,1.0,1.0
-0.3333,0.3333,0.3333,1.0,0.3333,0.3333,0.3333,1.0,1.0,1.0,0.3333,0.3333,0.3333,1.0,1.0,1.0,1.0,1.0,1.0,1.0,0.75,0.25,1.0,0.75,0.25,1.0,0.3333,0.3333,0.3333,1.0,1.0,1.0
1.0,1.0,1.0,1.0,0.75,0.25,1.0,0.75,0.25,1.0,0.3333,0.3333,0.3333,1.0,1.0,1.0,0.3333,0.3333,0.3333,1.0,1.0,0.5,0.5,0.5,0.5,0.5,0.5,0.5,0.5,1.0,-1.0,-2.0
0.3333,0.3333,0.3333,1.0,1.0,0.5,0.5,0.5,0.5,0.5,0.5,0.5,0.5,1.0,-1.0,-2.0,1.0,-1.0,-2.0,-2.0,-1.0,-0.5,0.5,0.5,0.5,0.75,0.25,1.5,0.5,0.5,0.5,0.75
1.0,-1.0,-2.0,-2.0,-1.0,-0.5,0.5,0.5,0.5,0.75,0.25,1.5,0.5,0.5,0.5,0.75,0.25,2.0,1.0,1.0,1.0,0.75,0.25,0.5,0.5,0.5,0.5,1.5,0.25,0.25,0.3333,0.3333
0.25,2.0,1.0,1.0,1.0,0.75,0.25,0.5,0.5,0.5,0.5,1.5,0.25,0.25,0.3333,0.3333,0.3333,0.3333,0.3333,0.3333,0.3333,0.3333,0.3333,0.3333,0.3333,0.3333,0.5,0.5,0.75,0.25,1.5,0.5
0.3333,0.3333,0.3333,0.3333,0.3333,0.3333,0.3333,0.3333,0.3333,0.3333,0.5,0.5,0.75,0.25,1.5,0.5,0.5,0.5,0.75,0.25,2.0,1.0,1.0,1.0,0.75,0.25,0.5,0.5,0.5,0.5,1.5,0.25
0.5,0.5,0.75,0.25,2.0,1.0,1.0,1.0,0.75,0.25,0.5,0.5,0.5,0.5,1.5,0.25,0.25,3.0,-0.5,-0.25,0.25,0.5,0.5,0.75,0.25,1.5,0.25,0.25,0.5,0.5,0.75,0.25
0.25,3.0,-0.5,-0.25,0.25,0.5,0.5,0.75,0.25,1.5,0.25,0.25,0.5,0.5,0.75,0.25,2.0,1.0,1.0,1.0,0.75,0.25,0.5,0.5,0.75,0.25,1.5,0.25,0.25,3.0,-0.5,-0.25
2.0,1.0,1.0,1.0,0.75,0.25,0.5,0.5,0.75,0.25,1.5,0.25,0.25,3.0,-0.5,-0.25,0.25,0.5,0.5,0.75,0.25,1.5,0.25,0.25,0.5,0.5,0.75,0.25,2.0,1.0,1.0,1.0
0.25,0.5,0.5,0.75,0.25,1.5,0.25,0.25,0.5,0.5,0.75,0.25,2.0,1.0,1.0,1.0,0.75,0.25,0.5,0.5,0.75,0.25,1.5,0.25,0.25,1.0,1.0,1.0,0.75,0.25,0.5,0.5
0.75,0.25,0.5,0.5,0.75,0.25,1.5,0.25,0.25,1.0,1.0,1.0,0.75,0.25,0.5,0.5,0.75,0.25,1.5,0.25,0.25,0.5,0.5,0.75,0.25,1.5,0.25,0.25,1.0,-1.0,-2.0,-0.25
0.75,0.25,1.5,0.25,0.25,0.5,0.5,0.75,0.25,1.5,0.25,0.25,1.0,-1.0,-2.0,-0.25,0.25,0.25,0.25,0.25,0.25,0.25,0.25,0.25,0.25,0.25,0.25,0.25,0.25,0.25,0.25,1.0
0.25,0.25,0.25,0.25,0.25,0.25,0.25,0.25,0.25,0.25,0.25,0.25,0.25,0.25,0.25,1.0,-1.0,-2.0,-0.25,0.25,0.25,0.25,0.25,0.25,0.25,0.25,0.25,0.25,0.25,0.25,0.25,0.25
-1.0,-2.0,-0.25,0.25,0.25,0.25,0.25,0.25,0.25,0.25,0.25,0.25,0.25,0.25,0.25,0.25,0.25,0.25,1.0,-1.0,-2.0,-0.25,0.25,0.25,0.25,0.25,0.25,0.25,0.25,0.25,0.25,0.25
0.25,0.25,1.0,-1.0,-2.0,-0.25,0.25,0.25,0.25,0.25,0.25,0.25,0.25,0.25,0.25,0.25,0.25,0.25,0.25,0.25,0.25,0.25,0.25,0.25,0.25,0.25,0.25,0.25,0.25,0.25,0.25,0.25
0.25,0.25,0.25,0.25,0.25,0.25,0.25,0.25,0.25,0.25,0.25,0.25,0.25,0.25,0.25,0.25,0.25,0.25,0.25,0.25,0.25,1.5,0.25,0.25,0.5,0.5,0.75,0.25,1.5,0.25,0.25,0.5
0.25,0.25,0.25,0.25,0.25,1.5,0.25,0.25,0.5,0.5,0.75,0.25,1.5,0.25,0.25,0.5,0.5,0.75,0.25,1.5,0.25,0.25,0.5,0.5,0.75,0.25,1.0,1.0,1.0,1.0,1.0,1.0
0.5,0.75,0.25,1.5,0.25,0.25,0.5,0.5,0.75,0.25,1.0,1.0,1.0,1.0,1.0,1.0,1.0,1.0,1.0,1.0,1.0,1.0,1.0,1.0,1.0,1.0,0.25,0.25,0.25,0.25,0.25,0.25
1.0,1.0,1.0,1.0,1.0,1.0,1.0,1.0,1.0,1.0,0.25,0.25,0.25,0.25,0.25,0.25,0.25,0.25,0.25,0.25,0.25,0.25,0.25,0.25,0.25,0.25,0.25,0.25,0.25,0.25,0.25,0.25
0.25,0.25,0.25,0.25,0.25,0.25,0.25,0.25,0.25,0.25,0.25,0.25,0.25,0.25,0.25,0.25,0.25,0.25,0.25,0.25,0.25,0.25,0.25,0.25,0.25,0.25,0.25,0.25,0.25,0.25,0.25,0.25
0.25,0.25,0.25,0.25,0.25,0.25,0.25,0.25,0.25,0.25,0.25,0.25,0.25,0.25,0.25,0.25,0.25,0.25,0.25,0.25,0.25,0.25,0.25,0.25,0.25,0.25,0.25,0.25,0.25,0.25,0.25,0.25
0.25,0.25,0.25,0.25,0.25,0.25,0.25,0.25,0.25,0.25,0.25,0.25,0.25,0.25,0.25,0.25,0.25,0.25,0.25,0.25,0.25,0.25,0.25,0.25,0.25,0.25,0.25,0.25,0.25,0.25,0.25,0.25
0.25,0.25,0.25,0.25,0.25,0.25,0.25,0.25,0.25,0.25,0.25,0.25,0.25,0.25,0.25,0.25,0.25,0.25,0.25,0.25,0.25,0.25,0.1667,0.1667,0.1667,0.25,0.25,0.25,0.25,0.25,0.25,0.25
0.25,0.25,0.25,0.25,0.25,0.25,0.1667,0.1667,0.1667,0.25,0.25,0.25,0.25,0.25,0.25,0.25,0.25,0.25,0.25,1.0,1.0,0.25,0.25,0.25,0.25,0.25,0.25,0.25,0.25,1.0,1.0,0.25
0.25,0.25,0.25,1.0,1.0,0.25,0.25,0.25,0.25,0.25,0.25,0.25,0.25,1.0,1.0,0.25,0.25,0.25,0.25,0.25,0.25,0.25,0.25,1.0,1.0,0.25,0.25,0.25,0.25,0.25,0.25,0.25
0.25,0.25,0.25,0.25,0.25,0.25,0.25,1.0,1.0,0.25,0.25,0.25,0.25,0.25,0.25,0.25,0.25,0.25,0.25,0.25,0.25,0.25,0.25,0.25,0.25,0.25,0.25,0.25,0.25,0.25,0.25,0.25
0.25,0.25,0.25,0.25,0.25,0.25,0.25,0.25,0.25,0.25,0.25,0.25,0.25,0.25,0.25,0.25,0.25,1.0,1.0,0.25,0.25,0.25,0.25,0.25,0.25,0.25,0.25,1.0,1.0,0.25,0.25,0.25
0.25,1.0,1.0,0.25,0.25,0.25,0.25,0.25,0.25,0.25,0.25,1.0,1.0,0.25,0.25,0.25,0.25,0.25,0.25,0.25,0.25,1.0,1.0,0.25,0.25,0.25,0.25,0.25,0.25,0.25,0.25,0.25
0.25,0.25,0.25,0.25,0.25,1.0,1.0,0.25,0.25,0.25,0.25,0.25,0.25,0.25,0.25,0.25,0.25,0.25,0.25,0.25,0.25,0.25,0.25,0.25,0.25,0.25,0.25,0.25,0.25,0.25,0.25,1.0
0.25,0.25,0.25,0.25,0.25,0.25,0.25,0.25,0.25,0.25,0.25,0.25,0.25,0.25,0.25,1.0,1.0,0.25,0.25,0.25,0.25,0.25,0.25,0.25,0.25,0.25,0.25,0.25,0.25,0.25,0.25,0.25
1.0,0.25,0.25,0.25,0.25,0.25,0.25,0.25,0.25,0.25,0.25,0.25,0.25,0.25,0.25,0.25,0.25,0.25,0.25,0.25,0.25,0.25,0.25,0.25,0.25,0.25,0.25,0.25,0.25,0.25,0.25,0.25
0.25,0.25,0.25,0.25,0.25,0.25,0.25,0.25,0.25,0.25,0.25,0.25,0.25,0.25,0.25,0.25,0.25,0.25,0.25,0.25,0.25,0.25,0.25,0.25,0.25,0.25,0.25,0.25,0.25,0.25,0.25,0.25
0.25,0.25,0.25,0.25,0.25,0.25,0.25,0.25,0.25,0.25,0.25,0.25,0.25,0.25,0.25,0.25,0.25,1.0,-1.0,-1.0,-0.5,-0.25,0.25,0.5,0.5,0.75,0.25,1.5,0.5,0.5,0.5,0.75
0.25,1.0,-1.0,-1.0,-0.5,-0.25,0.25,0.5,0.5,0.75,0.25,1.5,0.5,0.5,0.5,0.75,0.25,1.5,0.5,0.5,0.5,0.75,0.25,2.0,1.0,1.0,1.0,1.0,2.0,2.0,1.0,-0.5
0.25,1.5,0.5,0.5,0.5,0.75,0.25,2.0,1.0,1.0,1.0,1.0,2.0,2.0,1.0,-0.5,-0.25,0.25,0.5,0.5,0.75,0.25,1.5,0.5,0.5,0.5,0.75,0.25,1.5,0.5,0.5,0.5
-0.25,0.25,0.5,0.5,0.75,0.25,1.5,0.5,0.5,0.5,0.75,0.25,1.5,0.5,0.5,0.5,0.75,0.25,1.5,0.5,0.5,0.5,0.75,0.25,2.0,2.0,0.5,0.5,0.75,0.25,2.0,2.0
0.75,0.25,1.5,0.5,0.5,0.5,0.75,0.25,2.0,2.0,0.5,0.5,0.75,0.25,2.0,2.0,0.5,0.5,0.75,0.25,3.0,1.0,0.5,0.5,0.75,0.25,0.5,0.5,0.75,0.25,0.5,0.5
0.5,0.5,0.75,0.25,3.0,1.0,0.5,0.5,0.75,0.25,0.5,0.5,0.75,0.25,0.5,0.5,0.75,0.25,0.5,0.5,0.75,0.25,0.5,0.5,0.75,0.25,0.5,0.5,0.5,0.5,0.75,0.25
0.75,0.25,0.5,0.5,0.75,0.25,0.5,0.5,0.75,0.25,0.5,0.5,0.5,0.5,0.75,0.25,0.5,0.5,0.5,0.5,0.75,0.25,1.0,1.0,0.5,0.5,0.5,0.5,2.0,1.5,0.5,1.0
0.5,0.5,0.5,0.5,0.75,0.25,1.0,1.0,0.5,0.5,0.5,0.5,2.0,1.5,0.5,1.0,-0.5,-0.25,0.25,0.5,0.5,0.75,0.25,1.5,0.25,0.25,0.5,0.5,0.75,0.25,1.5,0.25
-0.5,-0.25,0.25,0.5,0.5,0.75,0.25,1.5,0.25,0.25,0.5,0.5,0.75,0.25,1.5,0.25,0.25,0.5,0.5,0.75,0.25,1.5,0.25,0.25,0.5,0.5,0.75,0.25,0.75,0.25,0.75,0.25
0.25,0.5,0.5,0.75,0.25,1.5,0.25,0.25,0.5,0.5,0.75,0.25,0.75,0.25,0.75,0.25,0.75,0.25,0.75,0.25,1.0,-1.0,-2.0,-4.0,4.0,4.0,2.0,2.0,2.0,2.0,4.0,4.0
0.75,0.25,0.75,0.25,1.0,-1.0,-2.0,-4.0,4.0,4.0,2.0,2.0,2.0,2.0,4.0,4.0,4.0,4.0,4.0,4.0,4.0,4.0,2.0,2.0,1.0,1.0,2.0,2.0,2.0,1.0,0.3333,0.3333
4.0,4.0,4.0,4.0,4.0,4.0,2.0,2.0,1.0,1.0,2.0,2.0,2.0,1.0,0.3333,0.3333,0.3333,2.0,1.0,1.0,1.0,1.0,2.0,2.0,1.0,1.0,2.0,2.0,2.0,2.0,2.0,0.3333
0.3333,2.0,1.0,1.0,1.0,1.0,2.0,2.0,1.0,1.0,2.0,2.0,2.0,2.0,2.0,0.3333,0.3333,0.3333,1.0,0.3333,0.3333,0.3333,1.0,1.0,1.0,1.0,1.0,0.3333,0.3333,0.3333,1.0,1.0
0.3333,0.3333,1.0,0.3333,0.3333,0.3333,1.0,1.0,1.0,1.0,1.0,0.3333,0.3333,0.3333,1.0,1.0,1.0,1.0,1.0,1.0,1.0,1.0,1.0,1.0,1.0,1.0,1.0,1.0,1.0,1.0,-1.0,-2.0
1.0,1.0,1.0,1.0,1.0,1.0,1.0,1.0,1.0,1.0,1.0,1.0,1.0,1.0,-1.0,-2.0,-2.0,-1.0,0.3333,0.3333,0.3333,2.0,2.0,2.0,2.0,4.0,3.0,0.3333,0.3333,0.3333,1.0,-1.0
-2.0,-1.0,0.3333,0.3333,0.3333,2.0,2.0,2.0,2.0,4.0,3.0,0.3333,0.3333,0.3333,1.0,-1.0,-2.0,-2.0,-1.0,0.3333,0.3333,0.3333,2.0,2.0,2.0,2.0,4.0,3.0,0.3333,0.3333,0.3333,1.0
-2.0,-2.0,-1.0,0.3333,0.3333,0.3333,2.0,2.0,2.0,2.0,4.0,3.0,0.3333,0.3333,0.3333,1.0,-1.0,-2.0,1.0,-1.0,-2.0,1.0,-1.0,1.0,-1.0,4.0,3.0,0.3333,0.3333,0.3333,1.0,-1.0
-1.0,-2.0,1.0,-1.0,-2.0,1.0,-1.0,1.0,-1.0,4.0,3.0,0.3333,0.3333,0.3333,1.0,-1.0,-2.0,3.0,0.3333,0.3333,0.3333,1.0,-1.0,-2.0,1.0,-1.0,-2.0,1.0,-1.0,-2.0,2.0,2.0
-2.0,3.0,0.3333,0.3333,0.3333,1.0,-1.0,-2.0,1.0,-1.0,-2.0,1.0,-1.0,-2.0,2.0,2.0,1.0,1.0,1.0,1.0,4.0,4.0,2.0,2.0,1.0,1.0,1.0,1.0,4.0,4.0,3.0,1.0
1.0,1.0,1.0,1.0,4.0,4.0,2.0,2.0,1.0,1.0,1.0,1.0,4.0,4.0,3.0,1.0,3.0,1.0,1.0,0.3333,0.3333,0.3333,2.0,2.0,2.0,0.3333,0.3333,0.3333,1.0,1.0,1.0,3.0
3.0,1.0,1.0,0.3333,0.3333,0.3333,2.0,2.0,2.0,0.3333,0.3333,0.3333,1.0,1.0,1.0,3.0,1.0,3.0,1.0,1.0,0.3333,0.3333,0.3333,2.0,2.0,2.0,0.3333,0.3333,0.3333,1.0,1.0,1.0
1.0,3.0,1.0,1.0,0.3333,0.3333,0.3333,2.0,2.0,2.0,0.3333,0.3333,0.3333,1.0,1.0,1.0,0.3333,0.3333,0.3333,0.3333,0.3333,0.3333,0.5,0.5,0.5,0.5,0.5,0.5,0.5,0.5,0.5,0.5
0.3333,0.3333,0.3333,0.3333,0.3333,0.3333,0.5,0.5,0.5,0.5,0.5,0.5,0.5,0.5,0.5,0.5,0.5,0.5,0.5,0.5,0.5,0.5,0.5,0.5,0.3333,0.3333,0.3333,0.5,0.5,0.5,0.5,0.5
0.5,0.5,0.5,0.5,0.5,0.5,0.5,0.5,0.3333,0.3333,0.3333,0.5,0.5,0.5,0.5,0.5,0.5,0.5,0.5,0.5,0.5,0.5,0.5,0.5,0.5,0.5,0.5,0.5,0.5,0.5,0.5,0.5
0.5,0.5,0.5,0.5,0.5,0.5,0.5,0.5,0.5,0.5,0.5,0.5,0.5,0.5,0.5,0.5,0.5,0.5,0.5,0.5,0.5,0.3333,0.3333,0.3333,0.5,0.5,0.5,0.5,0.5,0.5,0.5,0.5
0.5,0.5,0.5,0.5,0.5,0.3333,0.3333,0.3333,0.5,0.5,0.5,0.5,0.5,0.5,0.5,0.5,0.5,0.5,0.5,0.5,0.5,0.5,0.5,0.5,0.5,0.5,0.5,0.5,0.5,0.5,0.5,0.5
0.5,0.5,0.5,0.5,0.5,0.5,0.5,0.5,0.5,0.5,0.5,0.5,0.5,0.5,0.5,0.5,0.5,0.5,0.5,0.5,0.5,0.5,0.5,0.5,0.5,0.5,0.5,0.5,0.5,0.5,0.5,0.5
0.5,0.5,0.5,0.5,0.5,0.5,0.5,0.5,0.5,0.5,0.5,0.5,0.5,0.5,0.5,0.5,0.5,0.5,0.5,0.5,0.5,0.5,0.5,0.5,0.5,0.5,0.5,0.5,0.5,0.5,0.5,0.5
0.5,0.5,0.5,0.5,0.5,0.5,0.5,0.5,0.5,0.5,0.5,0.5,0.5,0.5,0.5,0.5,0.5,0.5,0.5,0.5,0.5,0.5,0.5,0.5,0.5,0.5,0.5,0.5,0.5,0.5,0.5,0.5
0.5,0.5,0.5,0.5,0.5,0.5,0.5,0.5,0.5,0.5,0.5,0.5,0.5,0.5,0.5,0.5,0.5,0.5,0.5,0.5,3.0,0.3333,0.3333,0.3333,0.75,0.25,0.3333,0.3333,0.3333,0.3333,0.3333,0.3333
0.5,0.5,0.5,0.5,3.0,0.3333,0.3333,0.3333,0.75,0.25,0.3333,0.3333,0.3333,0.3333,0.3333,0.3333,0.3333,0.3333,0.3333,3.0,0.3333,0.3333,0.3333,0.75,0.25,0.3333,0.3333,0.3333,0.3333,0.3333,0.3333,0.3333
0.3333,0.3333,0.3333,3.0,0.3333,0.3333,0.3333,0.75,0.25,0.3333,0.3333,0.3333,0.3333,0.3333,0.3333,0.3333,0.3333,0.3333,2.0,0.3333,0.3333,0.3333,1.0,3.0,0.3333,0.3333,0.3333,2.0,0.3333,0.3333,0.3333,1.0
0.3333,0.3333,2.0,0.3333,0.3333,0.3333,1.0,3.0,0.3333,0.3333,0.3333,2.0,0.3333,0.3333,0.3333,1.0,3.0,0.3333,0.3333,0.3333,3.0,0.3333,0.3333,0.3333,3.0,0.3333,0.3333,0.3333,2.0,2.0,1.0,1.0
3.0,0.3333,0.3333,0.3333,3.0,0.3333,0.3333,0.3333,3.0,0.3333,0.3333,0.3333,2.0,2.0,1.0,1.0,0.3333,0.3333,0.3333,0.75,0.25,2.0,0.3333,0.3333,0.3333,0.75,0.25,1.0,1.0,2.0,1.0,1.0
0.3333,0.3333,0.3333,0.75,0.25,2.0,0.3333,0.3333,0.3333,0.75,0.25,1.0,1.0,2.0,1.0,1.0,1.0,1.0,1.0,1.0,0.3333,0.3333,0.3333,0.75,0.25,2.0,0.3333,0.3333,0.3333,0.75,0.25,1.0
1.0,1.0,1.0,1.0,0.3333,0.3333,0.3333,0.75,0.25,2.0,0.3333,0.3333,0.3333,0.75,0.25,1.0,1.0,1.0,0.5,0.5,1.0,-1.0,-2.0,1.0,-1.0,-2.0,-2.0,-1.0,-0.5,0.5,0.5,0.5
1.0,1.0,0.5,0.5,1.0,-1.0,-2.0,1.0,-1.0,-2.0,-2.0,-1.0,-0.5,0.5,0.5,0.5,0.75,0.25,1.5,0.5,0.5,0.5,0.75,0.25,2.0,1.0,1.0,1.0,1.0,0.5,0.5,0.5
0.75,0.25,1.5,0.5,0.5,0.5,0.75,0.25,2.0,1.0,1.0,1.0,1.0,0.5,0.5,0.5,0.5,1.5,0.25,0.25,0.3333,0.3333,0.3333,0.3333,0.3333,0.3333,0.3333,0.3333,0.3333,0.3333,0.3333,0.3333
0.5,1.5,0.25,0.25,0.3333,0.3333,0.3333,0.3333,0.3333,0.3333,0.3333,0.3333,0.3333,0.3333,0.3333,0.3333,0.5,0.5,0.75,0.25,1.5,0.5,0.5,0.5,0.75,0.25,1.5,0.5,1.0,1.0,1.0,1.0
0.5,0.5,0.75,0.25,1.5,0.5,0.5,0.5,0.75,0.25,1.5,0.5,1.0,1.0,1.0,1.0,0.5,0.5,0.75,0.25,1.5,0.25,0.25,3.0,-0.5,-0.25,0.25,0.5,0.5,0.75,0.25,1.5
0.5,0.5,0.75,0.25,1.5,0.25,0.25,3.0,-0.5,-0.25,0.25,0.5,0.5,0.75,0.25,1.5,0.25,0.25,0.5,0.5,0.75,0.25,2.0,1.0,1.0,1.0,1.0,0.5,0.5,0.75,0.25,1.5
0.25,0.25,0.5,0.5,0.75,0.25,2.0,1.0,1.0,1.0,1.0,0.5,0.5,0.75,0.25,1.5,0.25,0.25,3.0,-0.5,-0.25,0.25,0.5,0.5,1.0,1.5,0.25,0.25,0.5,0.5,1.0,2.0
0.25,0.25,3.0,-0.5,-0.25,0.25,0.5,0.5,1.0,1.5,0.25,0.25,0.5,0.5,1.0,2.0,1.0,1.0,1.0,1.0,2.0,2.0,1.0,1.0,1.0,1.0,0.5,0.5,0.75,0.25,1.5,0.25
1.0,1.0,1.0,1.0,2.0,2.0,1.0,1.0,1.0,1.0,0.5,0.5,0.75,0.25,1.5,0.25,0.25,1.0,-1.0,-2.0,-4.0,-1.0,-0.5,-0.25,0.25,0.5,0.5,0.75,0.25,2.0,1.0,1.0
0.25,1.0,-1.0,-2.0,-4.0,-1.0,-0.5,-0.25,0.25,0.5,0.5,0.75,0.25,2.0,1.0,1.0,1.0,-1.0,-2.0,-2.0,1.0,1.0,0.25,0.25,0.25,0.25,0.25,0.25,0.25,0.25,2.0,1.5
1.0,-1.0,-2.0,-2.0,1.0,1.0,0.25,0.25,0.25,0.25,0.25,0.25,0.25,0.25,2.0,1.5,0.25,0.25,0.5,0.5,0.75,0.25,1.5,0.25,0.25,0.5,0.5,0.75,0.25,1.5,0.25,0.25
0.25,0.25,0.5,0.5,0.75,0.25,1.5,0.25,0.25,0.5,0.5,0.75,0.25,1.5,0.25,0.25,0.5,0.5,0.75,0.25,1.0,1.0,1.0,1.0,1.0,1.0,1.0,1.0,1.0,1.0,1.0,1.0
0.5,0.5,0.75,0.25,1.0,1.0,1.0,1.0,1.0,1.0,1.0,1.0,1.0,1.0,1.0,1.0,1.0,1.0,1.0,1.0,1.0,-1.0,0.25,0.25,0.25,0.25,1.0,-2.0,0.25,0.25,0.25,0.25
1.0,1.0,1.0,1.0,1.0,-1.0,0.25,0.25,0.25,0.25,1.0,-2.0,0.25,0.25,0.25,0.25,1.0,-4.0,-4.0,-4.0,-1.0,-0.5,-0.25,0.25,0.5,0.5,0.75,0.25,1.5,-0.25,0.25,0.5
1.0,-4.0,-4.0,-4.0,-1.0,-0.5,-0.25,0.25,0.5,0.5,0.75,0.25,1.5,-0.25,0.25,0.5,0.5,0.75,0.25,1.5,-0.25,0.25,0.5,0.5,0.75,0.25,0.5,0.5,0.5,0.5,1.5,0.25
0.5,0.75,0.25,1.5,-0.25,0.25,0.5,0.5,0.75,0.25,0.5,0.5,0.5,0.5,1.5,0.25,0.25,1.0,-0.5,-0.25,0.25,0.5,0.5,0.75,0.25,1.5,-0.25,0.25,0.5,0.5,0.75,0.25
0.25,1.0,-0.5,-0.25,0.25,0.5,0.5,0.75,0.25,1.5,-0.25,0.25,0.5,0.5,0.75,0.25,1.5,-0.25,0.25,0.5,0.5,0.75,0.25,0.5,0.5,0.5,0.5,1.5,0.25,0.25,3.0,0.75
1.5,-0.25,0.25,0.5,0.5,0.75,0.25,0.5,0.5,0.5,0.5,1.5,0.25,0.25,3.0,0.75,0.25,0.5,0.5,0.5,0.5,1.5,0.25,0.25,0.25,0.25,0.25,0.25,0.25,0.25,0.25,0.25
0.25,0.5,0.5,0.5,0.5,1.5,0.25,0.25,0.25,0.25,0.25,0.25,0.25,0.25,0.25,0.25,0.25,0.25,0.25,0.25,0.25,0.25,0.25,0.25,0.25,0.25,0.25,0.25,0.25,0.25,0.25,0.25
0.25,0.25,0.25,0.25,0.25,0.25,0.25,0.25,0.25,0.25,0.25,0.25,0.25,0.25,0.25,0.25,0.25,0.25,0.25,0.25,0.25,0.25,0.25,0.25,1.0,-1.0,-1.0,-0.5,-0.25,0.25,0.5,0.5
0.25,0.25,0.25,0.25,0.25,0.25,0.25,0.25,1.0,-1.0,-1.0,-0.5,-0.25,0.25,0.5,0.5,0.75,0.25,1.5,0.5,0.5,0.5,0.75,0.25,1.5,0.5,1.5,0.25,0.25,2.0,2.0,1.0
0.75,0.25,1.5,0.5,0.5,0.5,0.75,0.25,1.5,0.5,1.5,0.25,0.25,2.0,2.0,1.0,1.0,2.0,2.0,1.0,-0.5,-0.25,0.25,0.5,0.5,0.75,0.25,1.5,0.5,0.5,0.5,0.75
1.0,2.0,2.0,1.0,-0.5,-0.25,0.25,0.5,0.5,0.75,0.25,1.5,0.5,0.5,0.5,0.75,0.25,1.5,0.5,0.5,0.5,0.75,0.25,1.5,0.5,1.0,0.75,0.25,2.0,2.0,2.0,2.0
0.25,1.5,0.5,0.5,0.5,0.75,0.25,1.5,0.5,1.0,0.75,0.25,2.0,2.0,2.0,2.0,4.0,1.0,-0.5,0.5,2.0,1.0,-1.0,-1.0,1.0,-2.0,-1.0,1.0,-1.0,1.0,-2.0,-4.0
4.0,1.0,-0.5,0.5,2.0,1.0,-1.0,-1.0,1.0,-2.0,-1.0,1.0,-1.0,1.0,-2.0,-4.0,2.0,1.0,1.0,2.0,2.0,1.0,-0.5,-0.25,0.25,0.5,0.5,0.75,0.25,1.5,0.25,0.25
2.0,1.0,1.0,2.0,2.0,1.0,-0.5,-0.25,0.25,0.5,0.5,0.75,0.25,1.5,0.25,0.25,0.5,0.5,0.75,0.25,1.5,0.25,0.25,0.5,0.5,0.75,0.25,1.5,0.25,0.25,0.5,0.5
0.5,0.5,0.75,0.25,1.5,0.25,0.25,0.5,0.5,0.75,0.25,1.5,0.25,0.25,0.5,0.5,0.75,0.25,0.75,0.25,0.75,0.25,0.75,0.25,0.75,0.25,1.0,-1.0,1.0,-1.0,1.0,-1.0
0.75,0.25,0.75,0.25,0.75,0.25,0.75,0.25,0.75,0.25,1.0,-1.0,1.0,-1.0,1.0,-1.0,-2.0,3.0,0.3333,0.3333,0.3333,1.0,-1.0,-2.0,3.0,0.3333,0.3333,0.3333,1.0,-1.0,-2.0,1.0
-2.0,3.0,0.3333,0.3333,0.3333,1.0,-1.0,-2.0,3.0,0.3333,0.3333,0.3333,1.0,-1.0,-2.0,1.0,-1.0,-2.0,1.0,-1.0,-2.0,2.0,2.0,1.0,1.0,1.0,1.0,4.0,4.0,2.0,2.0,1.0
-1.0,-2.0,1.0,-1.0,-2.0,2.0,2.0,1.0,1.0,1.0,1.0,4.0,4.0,2.0,2.0,1.0,1.0,1.0,1.0,4.0,4.0,3.0,1.0,3.0,1.0,1.0,0.3333,0.3333,0.3333,2.0,2.0,2.0
1.0,1.0,1.0,4.0,4.0,3.0,1.0,3.0,1.0,1.0,0.3333,0.3333,0.3333,2.0,2.0,2.0,0.3333,0.3333,0.3333,1.0,1.0,1.0,3.0,1.0,3.0,1.0,1.0,0.3333,0.3333,0.3333,2.0,2.0
0.3333,0.3333,0.3333,1.0,1.0,1.0,3.0,1.0,3.0,1.0,1.0,0.3333,0.3333,0.3333,2.0,2.0,2.0,0.3333,0.3333,0.3333,1.0,1.0,1.0,0.3333,0.3333,0.3333,0.3333,0.3333,0.3333,0.5,0.5,0.5
2.0,0.3333,0.3333,0.3333,1.0,1.0,1.0,0.3333,0.3333,0.3333,0.3333,0.3333,0.3333,0.5,0.5,0.5,0.5,0.5,0.5,0.5,0.5,0.5,0.5,0.5,0.5,0.5,0.5,0.5,0.5,0.5,0.5,0.3333
0.5,0.5,0.5,0.5,0.5,0.5,0.5,0.5,0.5,0.5,0.5,0.5,0.5,0.5,0.5,0.3333,0.3333,0.3333,0.5,0.5,0.5,0.5,0.5,0.5,0.5,0.5,0.5,0.5,0.5,0.5,0.5,0.5
0.3333,0.3333,0.5,0.5,0.5,0.5,0.5,0.5,0.5,0.5,0.5,0.5,0.5,0.5,0.5,0.5,0.5,0.5,0.5,0.5,0.5,0.5,0.5,0.5,0.5,0.5,0.5,0.5,0.3333,0.3333,0.3333,0.5
0.5,0.5,0.5,0.5,0.5,0.5,0.5,0.5,0.5,0.5,0.5,0.5,0.3333,0.3333,0.3333,0.5,0.5,0.5,0.5,0.5,0.5,0.5,0.5,0.5,0.5,0.5,0.5,0.5,0.5,0.5,0.5,0.5
0.5,0.5,0.5,0.5,0.5,0.5,0.5,0.5,0.5,0.5,0.5,0.5,0.5,0.5,0.5,0.5,0.5,0.5,0.5,0.5,0.5,0.5,0.5,0.5,0.5,0.5,0.5,0.5,0.5,0.5,0.5,0.5
0.5,0.5,0.5,0.5,0.5,0.5,0.5,0.5,0.5,0.5,0.5,0.5,0.5,0.5,0.5,0.5,0.5,0.5,0.5,0.5,0.5,0.5,0.5,0.5,0.5,0.5,0.5,0.5,0.5,0.5,0.5,0.5
0.5,0.5,0.5,0.5,0.5,0.5,0.5,0.5,0.5,0.5,0.5,0.5,0.5,0.5,0.5,0.5,0.5,0.5,0.5,0.5,0.5,0.5,0.5,0.5,0.5,0.5,0.5,0.5,0.5,0.5,0.5,0.5
0.5,0.5,0.5,0.5,0.5,0.5,0.5,0.5,0.5,0.5,0.5,0.5,0.5,0.5,0.5,0.5,0.5,0.5,0.5,0.5,0.5,0.5,0.5,0.5,0.5,0.5,0.5,3.0,0.3333,0.3333,0.3333,0.75
0.5,0.5,0.5,0.5,0.5,0.5,0.5,0.5,0.5,0.5,0.5,3.0,0.3333,0.3333,0.3333,0.75,0.25,0.3333,0.3333,0.3333,0.3333,0.3333,0.3333,0.3333,0.3333,0.3333,3.0,0.3333,0.3333,0.3333,0.75,0.25
0.25,0.3333,0.3333,0.3333,0.3333,0.3333,0.3333,0.3333,0.3333,0.3333,3.0,0.3333,0.3333,0.3333,0.75,0.25,0.3333,0.3333,0.3333,0.3333,0.3333,0.3333,0.3333,0.3333,0.3333,2.0,0.3333,0.3333,0.3333,1.0,3.0,0.3333
0.3333,0.3333,0.3333,0.3333,0.3333,0.3333,0.3333,0.3333,0.3333,2.0,0.3333,0.3333,0.3333,1.0,3.0,0.3333,0.3333,0.3333,2.0,0.3333,0.3333,0.3333,1.0,3.0,0.3333,0.3333,0.3333,3.0,0.3333,0.3333,0.3333,3.0
0.3333,0.3333,2.0,0.3333,0.3333,0.3333,1.0,3.0,0.3333,0.3333,0.3333,3.0,0.3333,0.3333,0.3333,3.0,0.3333,0.3333,0.3333,2.0,2.0,1.0,1.0,0.3333,0.3333,0.3333,0.75,0.25,2.0,0.3333,0.3333,0.3333
0.3333,0.3333,0.3333,2.0,2.0,1.0,1.0,0.3333,0.3333,0.3333,0.75,0.25,2.0,0.3333,0.3333,0.3333,0.75,0.25,1.0,1.0,2.0,1.0,1.0,1.0,1.0,1.0,1.0,0.3333,0.3333,0.3333,0.75,0.25
0.75,0.25,1.0,1.0,2.0,1.0,1.0,1.0,1.0,1.0,1.0,0.3333,0.3333,0.3333,0.75,0.25,2.0,0.3333,0.3333,0.3333,0.75,0.25,1.0,1.0,1.0,0.5,0.5,1.0,-1.0,-2.0,1.0,-1.0
2.0,0.3333,0.3333,0.3333,0.75,0.25,1.0,1.0,1.0,0.5,0.5,1.0,-1.0,-2.0,1.0,-1.0,-2.0,-2.0,-1.0,-0.5,0.5,0.5,0.5,0.75,0.25,1.5,0.5,0.5,0.5,0.75,0.25,2.0
-2.0,-2.0,-1.0,-0.5,0.5,0.5,0.5,0.75,0.25,1.5,0.5,0.5,0.5,0.75,0.25,2.0,1.0,1.0,1.0,1.0,0.5,0.5,0.5,0.5,1.5,0.25,0.25,0.3333,0.3333,0.3333,0.3333,0.3333
1.0,1.0,1.0,1.0,0.5,0.5,0.5,0.5,1.5,0.25,0.25,0.3333,0.3333,0.3333,0.3333,0.3333,0.3333,0.3333,0.3333,0.3333,0.3333,0.3333,0.3333,0.5,0.5,0.75,0.25,1.5,0.5,0.5,0.5,0.75
0.3333,0.3333,0.3333,0.3333,0.3333,0.3333,0.3333,0.5,0.5,0.75,0.25,1.5,0.5,0.5,0.5,0.75,0.25,1.5,0.5,1.0,1.0,1.0,1.0,0.5,0.5,0.75,0.25,1.5,0.25,0.25,3.0,-0.5
0.25,1.5,0.5,1.0,1.0,1.0,1.0,0.5,0.5,0.75,0.25,1.5,0.25,0.25,3.0,-0.5,-0.25,0.25,0.5,0.5,0.75,0.25,1.5,0.25,0.25,0.5,0.5,0.75,0.25,2.0,1.0,1.0
-0.25,0.25,0.5,0.5,0.75,0.25,1.5,0.25,0.25,0.5,0.5,0.75,0.25,2.0,1.0,1.0,1.0,1.0,0.5,0.5,0.75,0.25,1.5,0.25,0.25,3.0,-0.5,-0.25,0.25,0.5,0.5,1.0
1.0,1.0,0.5,0.5,0.75,0.25,1.5,0.25,0.25,3.0,-0.5,-0.25,0.25,0.5,0.5,1.0,1.5,0.25,0.25,0.5,0.5,1.0,2.0,1.0,1.0,1.0,1.0,2.0,2.0,1.0,1.0,1.0
1.5,0.25,0.25,0.5,0.5,1.0,2.0,1.0,1.0,1.0,1.0,2.0,2.0,1.0,1.0,1.0,1.0,0.5,0.5,0.75,0.25,1.5,0.25,0.25,1.0,-1.0,-2.0,-4.0,-1.0,-0.5,-0.25,0.25
1.0,0.5,0.5,0.75,0.25,1.5,0.25,0.25,1.0,-1.0,-2.0,-4.0,-1.0,-0.5,-0.25,0.25,0.5,0.5,0.75,0.25,2.0,1.0,1.0,1.0,-1.0,-2.0,-2.0,1.0,1.0,0.25,0.25,0.25
0.5,0.5,0.75,0.25,2.0,1.0,1.0,1.0,-1.0,-2.0,-2.0,1.0,1.0,0.25,0.25,0.25,0.25,0.25,0.25,0.25,0.25,2.0,1.5,0.25,0.25,0.5,0.5,0.75,0.25,1.5,0.25,0.25
0.25,0.25,0.25,0.25,0.25,2.0,1.5,0.25,0.25,0.5,0.5,0.75,0.25,1.5,0.25,0.25,0.5,0.5,0.75,0.25,1.5,0.25,0.25,0.5,0.5,0.75,0.25,1.0,1.0,1.0,1.0,1.0
0.5,0.5,0.75,0.25,1.5,0.25,0.25,0.5,0.5,0.75,0.25,1.0,1.0,1.0,1.0,1.0,1.0,1.0,1.0,1.0,1.0,1.0,1.0,1.0,1.0,1.0,1.0,1.0,-1.0,0.25,0.25,0.25
1.0,1.0,1.0,1.0,1.0,1.0,1.0,1.0,1.0,1.0,1.0,1.0,-1.0,0.25,0.25,0.25,0.25,1.0,-2.0,0.25,0.25,0.25,0.25,1.0,-4.0,-4.0,-4.0,-1.0,-0.5,-0.25,0.25,0.5
0.25,1.0,-2.0,0.25,0.25,0.25,0.25,1.0,-4.0,-4.0,-4.0,-1.0,-0.5,-0.25,0.25,0.5,0.5,0.75,0.25,1.5,-0.25,0.25,0.5,0.5,0.75,0.25,1.5,-0.25,0.25,0.5,0.5,0.75
0.5,0.75,0.25,1.5,-0.25,0.25,0.5,0.5,0.75,0.25,1.5,-0.25,0.25,0.5,0.5,0.75,0.25,0.5,0.5,0.5,0.5,1.5,0.25,0.25,1.0,-0.5,-0.25,0.25,0.5,0.5,0.75,0.25
0.25,0.5,0.5,0.5,0.5,1.5,0.25,0.25,1.0,-0.5,-0.25,0.25,0.5,0.5,0.75,0.25,1.5,-0.25,0.25,0.5,0.5,0.75,0.25,1.5,-0.25,0.25,0.5,0.5,0.75,0.25,0.5,0.5
1.5,-0.25,0.25,0.5,0.5,0.75,0.25,1.5,-0.25,0.25,0.5,0.5,0.75,0.25,0.5,0.5,0.5,0.5,1.5,0.25,0.25,3.0,0.75,0.25,0.5,0.5,0.5,0.5,1.5,0.25,0.25,0.25
0.5,0.5,1.5,0.25,0.25,3.0,0.75,0.25,0.5,0.5,0.5,0.5,1.5,0.25,0.25,0.25,0.25,0.25,0.25,0.25,0.25,0.25,0.25,0.25,0.25,0.25,0.25,0.25,0.25,0.25,0.25,0.25
0.25,0.25,0.25,0.25,0.25,0.25,0.25,0.25,0.25,0.25,0.25,0.25,0.25,0.25,0.25,0.25,0.25,0.25,0.25,0.25,0.25,0.25,0.25,0.25,0.25,0.25,0.25,0.25,0.25,0.25,0.25,1.0
0.25,0.25,0.25,0.25,0.25,0.25,0.25,0.25,0.25,0.25,0.25,0.25,0.25,0.25,0.25,1.0,-1.0,-1.0,-0.5,-0.25,0.25,0.5,0.5,0.75,0.25,1.5,0.5,0.5,0.5,0.75,0.25,1.5
-1.0,-1.0,-0.5,-0.25,0.25,0.5,0.5,0.75,0.25,1.5,0.5,0.5,0.5,0.75,0.25,1.5,0.5,1.5,0.25,0.25,2.0,2.0,1.0,1.0,2.0,2.0,1.0,-0.5,-0.25,0.25,0.5,0.5
0.5,1.5,0.25,0.25,2.0,2.0,1.0,1.0,2.0,2.0,1.0,-0.5,-0.25,0.25,0.5,0.5,0.75,0.25,1.5,0.5,0.5,0.5,0.75,0.25,1.5,0.5,0.5,0.5,0.75,0.25,1.5,0.5
0.75,0.25,1.5,0.5,0.5,0.5,0.75,0.25,1.5,0.5,0.5,0.5,0.75,0.25,1.5,0.5,1.0,0.75,0.25,2.0,2.0,2.0,2.0,4.0,1.0,-0.5,0.5,2.0,1.0,-1.0,-1.0,1.0
1.0,0.75,0.25,2.0,2.0,2.0,2.0,4.0,1.0,-0.5,0.5,2.0,1.0,-1.0,-1.0,1.0,-2.0,-1.0,1.0,-1.0,1.0,-2.0,-4.0,2.0,1.0,1.0,2.0,2.0,1.0,-0.5,-0.25,0.25
-2.0,-1.0,1.0,-1.0,1.0,-2.0,-4.0,2.0,1.0,1.0,2.0,2.0,1.0,-0.5,-0.25,0.25,0.5,0.5,0.75,0.25,1.5,0.25,0.25,0.5,0.5,0.75,0.25,1.5,0.25,0.25,0.5,0.5
0.5,0.5,0.75,0.25,1.5,0.25,0.25,0.5,0.5,0.75,0.25,1.5,0.25,0.25,0.5,0.5,0.75,0.25,1.5,0.25,0.25,0.5,0.5,0.75,0.25,0.75,0.25,0.75,0.25,0.75,0.25,0.75
0.75,0.25,1.5,0.25,0.25,0.5,0.5,0.75,0.25,0.75,0.25,0.75,0.25,0.75,0.25,0.75,0.25,1.0,-1.0,1.0,-1.0,1.0,-1.0,-2.0,0.25,0.25,0.25,0.25,3.0,4.0,0.5,0.5
0.25,1.0,-1.0,1.0,-1.0,1.0,-1.0,-2.0,0.25,0.25,0.25,0.25,3.0,4.0,0.5,0.5,0.75,0.25,2.0,1.0,1.0,1.0,1.0,2.0,2.0,0.5,0.5,0.75,0.25,0.5,0.5,0.75
0.75,0.25,2.0,1.0,1.0,1.0,1.0,2.0,2.0,0.5,0.5,0.75,0.25,0.5,0.5,0.75,0.25,0.5,0.5,0.75,0.25,0.5,0.5,0.75,0.25,0.5,0.5,0.5,0.5,0.75,0.25,0.5
0.25,0.5,0.5,0.75,0.25,0.5,0.5,0.75,0.25,0.5,0.5,0.5,0.5,0.75,0.25,0.5,0.5,0.5,0.5,0.75,0.25,0.75,0.25,0.75,0.25,1.0,1.0,1.0,1.0,2.0,2.0,2.0
0.5,0.5,0.5,0.75,0.25,0.75,0.25,0.75,0.25,1.0,1.0,1.0,1.0,2.0,2.0,2.0,2.0,1.0,1.0,2.0,1.0,1.0,1.0,1.0,1.0,1.0,1.0,1.0,1.0,-1.0,2.0,1.0
2.0,1.0,1.0,2.0,1.0,1.0,1.0,1.0,1.0,1.0,1.0,1.0,1.0,-1.0,2.0,1.0,1.0,1.0,1.0,2.0,2.0,1.0,1.0,1.0,1.0,1.5,-0.25,0.25,0.5,0.5,0.75,0.25
1.0,1.0,1.0,2.0,2.0,1.0,1.0,1.0,1.0,1.5,-0.25,0.25,0.5,0.5,0.75,0.25,0.75,0.25,0.75,0.25,0.75,0.25,0.75,0.25,1.0,1.0,1.0,1.0,1.0,1.0,2.0,2.0
0.75,0.25,0.75,0.25,0.75,0.25,0.75,0.25,1.0,1.0,1.0,1.0,1.0,1.0,2.0,2.0,2.0,4.0,1.0,-1.0,2.0,1.0,1.0,1.0,1.0,2.0,2.0,1.0,1.0,1.0,1.0,1.5
2.0,4.0,1.0,-1.0,2.0,1.0,1.0,1.0,1.0,2.0,2.0,1.0,1.0,1.0,1.0,1.5,-0.25,0.25,0.5,0.5,0.75,0.25,0.75,0.25,0.75,0.25,0.75,0.25,0.75,0.25,1.0,1.0
-0.25,0.25,0.5,0.5,0.75,0.25,0.75,0.25,0.75,0.25,0.75,0.25,0.75,0.25,1.0,1.0,1.0,1.0,1.0,1.0,2.0,2.0,2.0,4.0,1.5,0.25,0.25,0.5,0.5,0.75,0.25,1.5
1.0,1.0,1.0,1.0,2.0,2.0,2.0,4.0,1.5,0.25,0.25,0.5,0.5,0.75,0.25,1.5,0.25,0.25,0.5,0.5,0.75,0.25,1.5,0.25,0.25,0.5,0.5,0.75,0.25,1.5,0.25,0.25
0.25,0.25,0.5,0.5,0.75,0.25,1.5,0.25,0.25,0.5,0.5,0.75,0.25,1.5,0.25,0.25,0.5,0.5,0.75,0.25,1.5,0.25,0.25,0.5,0.5,0.75,0.25,1.5,0.25,0.25,1.5,0.25
0.5,0.5,0.75,0.25,1.5,0.25,0.25,0.5,0.5,0.75,0.25,1.5,0.25,0.25,1.5,0.25,0.25,0.5,0.5,0.75,0.25,1.5,0.25,0.25,0.5,0.5,0.75,0.25,1.5,0.25,0.25,0.75
0.25,0.5,0.5,0.75,0.25,1.5,0.25,0.25,0.5,0.5,0.75,0.25,1.5,0.25,0.25,0.75,0.25,0.75,0.25,0.75,0.25,0.75,0.25,0.75,0.25,0.75,0.25,0.75,0.25,0.75,0.25,1.0
0.25,0.75,0.25,0.75,0.25,0.75,0.25,0.75,0.25,0.75,0.25,0.75,0.25,0.75,0.25,1.0,1.0,-2.0,-2.0,2.0,1.0,0.3333,0.3333,0.3333,2.0,1.0,0.3333,0.3333,0.3333,2.0,1.0,0.3333
1.0,-2.0,-2.0,2.0,1.0,0.3333,0.3333,0.3333,2.0,1.0,0.3333,0.3333,0.3333,2.0,1.0,0.3333,0.3333,0.3333,2.0,1.0,0.3333,0.3333,0.3333,1.0,1.0,1.0,1.0,2.0,1.0,0.3333,0.3333,0.3333
0.3333,0.3333,2.0,1.0,0.3333,0.3333,0.3333,1.0,1.0,1.0,1.0,2.0,1.0,0.3333,0.3333,0.3333,2.0,1.0,0.3333,0.3333,0.3333,2.0,1.0,0.3333,0.3333,0.3333,2.0,1.0,0.3333,0.3333,0.3333,1.0
2.0,1.0,0.3333,0.3333,0.3333,2.0,1.0,0.3333,0.3333,0.3333,2.0,1.0,0.3333,0.3333,0.3333,1.0,1.0,0.3333,0.3333,0.3333,1.0,1.0,1.0,3.0,0.3333,0.3333,0.3333,0.75,0.25,0.3333,0.3333,0.3333
1.0,0.3333,0.3333,0.3333,1.0,1.0,1.0,3.0,0.3333,0.3333,0.3333,0.75,0.25,0.3333,0.3333,0.3333,0.3333,0.3333,0.3333,0.3333,0.3333,0.3333,3.0,0.3333,0.3333,0.3333,0.75,0.25,0.3333,0.3333,0.3333,0.3333
0.3333,0.3333,0.3333,0.3333,0.3333,0.3333,3.0,0.3333,0.3333,0.3333,0.75,0.25,0.3333,0.3333,0.3333,0.3333,0.3333,0.3333,0.3333,0.3333,0.3333,2.0,0.3333,0.3333,0.3333,1.0,3.0,0.3333,0.3333,0.3333,2.0,0.3333
0.3333,0.3333,0.3333,0.3333,0.3333,2.0,0.3333,0.3333,0.3333,1.0,3.0,0.3333,0.3333,0.3333,2.0,0.3333,0.3333,0.3333,1.0,3.0,0.3333,0.3333,0.3333,3.0,0.3333,0.3333,0.3333,3.0,0.3333,0.3333,0.3333,2.0
0.3333,0.3333,1.0,3.0,0.3333,0.3333,0.3333,3.0,0.3333,0.3333,0.3333,3.0,0.3333,0.3333,0.3333,2.0,1.0,1.0,2.0,0.3333,0.3333,0.3333,0.75,0.25,2.0,0.3333,0.3333,0.3333,0.75,0.25,1.0,1.0
1.0,1.0,2.0,0.3333,0.3333,0.3333,0.75,0.25,2.0,0.3333,0.3333,0.3333,0.75,0.25,1.0,1.0,2.0,1.0,1.0,1.0,1.0,1.0,1.0,0.3333,0.3333,0.3333,0.75,0.25,2.0,0.3333,0.3333,0.3333
2.0,1.0,1.0,1.0,1.0,1.0,1.0,0.3333,0.3333,0.3333,0.75,0.25,2.0,0.3333,0.3333,0.3333,0.75,0.25,1.0,1.0,1.0,0.5,0.5,1.0,-1.0,-2.0,1.0,-1.0,-2.0,0.3333,0.3333,0.3333
0.75,0.25,1.0,1.0,1.0,0.5,0.5,1.0,-1.0,-2.0,1.0,-1.0,-2.0,0.3333,0.3333,0.3333,0.3333,0.3333,0.3333,0.3333,0.3333,0.3333,0.3333,0.3333,0.3333,0.3333,0.3333,0.3333,0.3333,0.3333,0.3333,0.3333
0.3333,0.3333,0.3333,0.3333,0.3333,0.3333,0.3333,0.3333,0.3333,0.3333,0.3333,0.3333,0.3333,0.3333,0.3333,0.3333,0.3333,0.3333,0.3333,0.3333,0.3333,0.3333,0.3333,0.3333,0.3333,0.3333,0.3333,0.3333,0.3333,0.3333,0.3333,0.3333
0.3333,0.3333,0.3333,0.3333,0.3333,0.3333,0.3333,0.3333,0.3333,0.3333,0.3333,0.3333,0.3333,0.3333,0.3333,0.3333,0.3333,0.3333,0.3333,0.3333,0.3333,0.3333,0.3333,0.3333,0.3333,0.3333,0.3333,0.3333,0.3333,0.3333,0.3333,0.3333
0.3333,0.3333,0.3333,0.3333,0.3333,0.3333,0.3333,0.3333,0.3333,0.3333,0.3333,0.3333,0.3333,0.3333,0.3333,0.3333,0.3333,0.3333,0.3333,0.3333,0.3333,0.3333,0.3333,0.3333,0.3333,0.3333,0.3333,0.3333,0.3333,0.3333,0.3333,0.3333
0.3333,0.3333,0.3333,0.3333,0.3333,0.3333,0.3333,0.3333,0.3333,0.3333,0.3333,0.3333,0.3333,0.3333,0.3333,0.3333,0.3333,0.3333,0.3333,0.3333,0.3333,0.3333,0.3333,0.3333,0.3333,0.3333,0.3333,0.3333,0.3333,0.3333,0.3333,0.3333
0.3333,0.3333,0.3333,0.3333,0.3333,0.3333,0.3333,0.3333,0.3333,0.3333,0.3333,0.3333,0.3333,0.3333,0.3333,0.3333,0.3333,0.3333,0.3333,0.3333,0.3333,0.3333,0.3333,0.3333,0.3333,0.3333,0.3333,0.3333,0.3333,0.3333,0.3333,0.3333
0.3333,0.3333,0.3333,0.3333,0.3333,0.3333,0.3333,0.3333,0.3333,0.3333,0.3333,0.3333,0.3333,0.3333,0.3333,0.3333,0.3333,0.3333,0.3333,0.3333,0.3333,0.3333,0.3333,0.3333,0.3333,0.3333,0.3333,0.3333,0.3333,0.3333,0.3333,0.3333
0.3333,0.3333,0.3333,0.3333,0.3333,0.3333,0.3333,0.3333,0.3333,0.3333,0.3333,0.3333,0.3333,0.3333,0.3333,0.3333,0.3333,0.3333,0.3333,0.3333,0.3333,3.0,-0.5,-0.25,0.25,0.5,0.5,0.75,0.25,1.5,0.25,0.25
0.3333,0.3333,0.3333,0.3333,0.3333,3.0,-0.5,-0.25,0.25,0.5,0.5,0.75,0.25,1.5,0.25,0.25,0.5,0.5,0.75,0.25,2.0,1.0,1.0,1.0,1.0,0.5,0.5,0.75,0.25,1.5,0.25,0.25
0.5,0.5,0.75,0.25,2.0,1.0,1.0,1.0,1.0,0.5,0.5,0.75,0.25,1.5,0.25,0.25,3.0,-0.5,-0.25,0.25,0.5,0.5,1.0,1.5,0.25,0.25,0.5,0.5,1.0,2.0,1.0,1.0
3.0,-0.5,-0.25,0.25,0.5,0.5,1.0,1.5,0.25,0.25,0.5,0.5,1.0,2.0,1.0,1.0,1.0,1.0,2.0,2.0,1.0,1.0,1.0,1.0,0.5,0.5,0.75,0.25,1.5,0.25,0.25,0.5
1.0,1.0,2.0,2.0,1.0,1.0,1.0,1.0,0.5,0.5,0.75,0.25,1.5,0.25,0.25,0.5,0.5,0.75,0.25,1.5,0.25,0.25,0.25,0.25,0.25,0.25,0.25,0.25,0.25,0.25,0.25,0.25
0.5,0.75,0.25,1.5,0.25,0.25,0.25,0.25,0.25,0.25,0.25,0.25,0.25,0.25,0.25,0.25,0.25,0.25,0.25,0.25,0.25,0.25,1.0,-1.0,-2.0,-0.25,0.25,0.25,0.25,0.25,0.25,0.25
0.25,0.25,0.25,0.25,0.25,0.25,1.0,-1.0,-2.0,-0.25,0.25,0.25,0.25,0.25,0.25,0.25,0.25,0.25,0.25,0.25,0.25,0.25,0.25,0.25,0.25,1.0,-1.0,-2.0,-0.25,0.25,0.25,0.25
0.25,0.25,0.25,0.25,0.25,0.25,0.25,0.25,0.25,1.0,-1.0,-2.0,-0.25,0.25,0.25,0.25,0.25,0.25,0.25,0.25,0.25,0.25,0.25,0.25,0.25,0.25,0.25,0.25,0.25,0.25,0.25,0.25
0.25,0.25,0.25,0.25,0.25,0.25,0.25,0.25,0.25,0.25,0.25,0.25,0.25,0.25,0.25,0.25,0.25,0.25,0.25,0.25,0.25,0.25,0.25,0.25,0.25,0.25,0.25,0.25,0.25,0.25,0.25,0.25
0.25,0.25,0.25,0.25,0.25,0.25,0.25,0.25,0.25,0.25,0.25,0.25,0.25,0.25,0.25,0.25,0.25,0.25,0.25,0.25,1.0,1.0,1.5,0.25,0.25,0.5,0.5,0.75,0.25,1.5,0.25,0.25
0.25,0.25,0.25,0.25,1.0,1.0,1.5,0.25,0.25,0.5,0.5,0.75,0.25,1.5,0.25,0.25,0.5,0.5,0.75,0.25,1.5,0.25,0.25,0.5,0.5,0.75,0.25,1.0,1.0,1.0,1.0,1.0
0.5,0.5,0.75,0.25,1.5,0.25,0.25,0.5,0.5,0.75,0.25,1.0,1.0,1.0,1.0,1.0,1.0,1.0,1.0,1.0,1.0,1.0,1.0,1.0,1.0,1.0,1.0,1.0,-1.0,0.25,0.25,0.25
1.0,1.0,1.0,1.0,1.0,1.0,1.0,1.0,1.0,1.0,1.0,1.0,-1.0,0.25,0.25,0.25,0.25,1.0,-2.0,0.25,0.25,0.25,0.25,1.0,-4.0,-4.0,-4.0,-1.0,-0.5,-0.25,0.25,0.5
0.25,1.0,-2.0,0.25,0.25,0.25,0.25,1.0,-4.0,-4.0,-4.0,-1.0,-0.5,-0.25,0.25,0.5,0.5,0.75,0.25,1.5,-0.25,0.25,0.5,0.5,0.75,0.25,1.5,-0.25,0.25,0.5,0.5,0.75
0.5,0.75,0.25,1.5,-0.25,0.25,0.5,0.5,0.75,0.25,1.5,-0.25,0.25,0.5,0.5,0.75,0.25,0.5,0.5,0.5,0.5,1.5,0.25,0.25,1.0,-0.5,-0.25,0.25,0.5,0.5,0.75,0.25
0.25,0.5,0.5,0.5,0.5,1.5,0.25,0.25,1.0,-0.5,-0.25,0.25,0.5,0.5,0.75,0.25,1.5,-0.25,0.25,0.5,0.5,0.75,0.25,1.5,-0.25,0.25,0.5,0.5,0.75,0.25,0.5,0.5
1.5,-0.25,0.25,0.5,0.5,0.75,0.25,1.5,-0.25,0.25,0.5,0.5,0.75,0.25,0.5,0.5,0.5,0.5,1.5,0.25,0.25,3.0,0.75,0.25,0.5,0.5,0.5,0.5,1.5,0.25,0.25,0.25
0.5,0.5,1.5,0.25,0.25,3.0,0.75,0.25,0.5,0.5,0.5,0.5,1.5,0.25,0.25,0.25,0.25,0.25,0.25,0.25,0.25,0.25,0.25,0.25,0.25,0.25,0.25,0.25,0.25,0.25,0.25,0.25
0.25,0.25,0.25,0.25,0.25,0.25,0.25,0.25,0.25,0.25,0.25,0.25,0.25,0.25,0.25,0.25,0.25,0.25,0.25,0.25,0.25,0.25,0.25,0.25,0.25,0.25,0.25,0.25,0.25,0.25,0.25,1.0
0.25,0.25,0.25,0.25,0.25,0.25,0.25,0.25,0.25,0.25,0.25,0.25,0.25,0.25,0.25,1.0,-1.0,-1.0,-0.5,-0.25,0.25,0.5,0.5,0.75,0.25,1.5,0.5,0.5,0.5,0.75,0.25,1.5
-1.0,-1.0,-0.5,-0.25,0.25,0.5,0.5,0.75,0.25,1.5,0.5,0.5,0.5,0.75,0.25,1.5,0.5,1.5,0.25,0.25,2.0,2.0,1.0,1.0,2.0,2.0,1.0,-0.5,-0.25,0.25,0.5,0.5
0.5,1.5,0.25,0.25,2.0,2.0,1.0,1.0,2.0,2.0,1.0,-0.5,-0.25,0.25,0.5,0.5,0.75,0.25,1.5,0.5,0.5,0.5,0.75,0.25,1.5,0.5,0.5,0.5,0.75,0.25,1.5,0.5
0.75,0.25,1.5,0.5,0.5,0.5,0.75,0.25,1.5,0.5,0.5,0.5,0.75,0.25,1.5,0.5,1.0,0.75,0.25,2.0,2.0,2.0,2.0,4.0,1.0,-0.5,0.5,2.0,1.0,-1.0,-1.0,1.0
1.0,0.75,0.25,2.0,2.0,2.0,2.0,4.0,1.0,-0.5,0.5,2.0,1.0,-1.0,-1.0,1.0,-2.0,-1.0,1.0,-1.0,1.0,-2.0,-4.0,1.0,1.0,1.0,1.0,2.0,2.0,1.0,-0.5,-0.25
-2.0,-1.0,1.0,-1.0,1.0,-2.0,-4.0,1.0,1.0,1.0,1.0,2.0,2.0,1.0,-0.5,-0.25,0.25,0.5,0.5,0.75,0.25,1.5,0.25,0.25,0.5,0.5,0.75,0.25,1.5,0.25,0.25,0.5
0.25,0.5,0.5,0.75,0.25,1.5,0.25,0.25,0.5,0.5,0.75,0.25,1.5,0.25,0.25,0.5,0.5,0.75,0.25,1.5,0.25,0.25,0.5,0.5,0.75,0.25,0.75,0.25,0.75,0.25,0.75,0.25
0.5,0.75,0.25,1.5,0.25,0.25,0.5,0.5,0.75,0.25,0.75,0.25,0.75,0.25,0.75,0.25,0.75,0.25,1.0,-1.0,-2.0,-4.0,3.0,0.3333,0.3333,0.3333,3.0,0.3333,0.3333,0.3333,1.0,0.3333
0.75,0.25,1.0,-1.0,-2.0,-4.0,3.0,0.3333,0.3333,0.3333,3.0,0.3333,0.3333,0.3333,1.0,0.3333,0.3333,0.3333,1.0,0.3333,0.3333,0.3333,1.0,0.3333,0.3333,0.3333,1.0,0.3333,0.3333,0.3333,4.0,4.0
0.3333,0.3333,1.0,0.3333,0.3333,0.3333,1.0,0.3333,0.3333,0.3333,1.0,0.3333,0.3333,0.3333,4.0,4.0,4.0,4.0,4.0,4.0,4.0,4.0,3.0,1.0,3.0,1.0,1.0,0.3333,0.3333,0.3333,2.0,2.0
4.0,4.0,4.0,4.0,4.0,4.0,3.0,1.0,3.0,1.0,1.0,0.3333,0.3333,0.3333,2.0,2.0,2.0,0.3333,0.3333,0.3333,1.0,1.0,1.0,1.0,2.0,1.0,3.0,1.0,1.0,0.3333,0.3333,0.3333
2.0,0.3333,0.3333,0.3333,1.0,1.0,1.0,1.0,2.0,1.0,3.0,1.0,1.0,0.3333,0.3333,0.3333,2.0,1.0,0.3333,0.3333,0.3333,2.0,1.0,1.0,1.0,1.0,0.3333,0.3333,0.3333,1.0,1.0,1.0
2.0,1.0,0.3333,0.3333,0.3333,2.0,1.0,1.0,1.0,1.0,0.3333,0.3333,0.3333,1.0,1.0,1.0,1.0,0.3333,0.3333,0.3333,1.0,1.0,0.3333,0.3333,0.3333,1.0,1.0,1.0,1.0,1.0,1.0,1.0
1.0,0.3333,0.3333,0.3333,1.0,1.0,0.3333,0.3333,0.3333,1.0,1.0,1.0,1.0,1.0,1.0,1.0,1.0,1.0,1.0,1.0,1.5,0.5,1.5,0.5,1.5,0.5,1.5,0.5,1.5,0.5,1.5,0.5
1.0,1.0,1.0,1.0,1.5,0.5,1.5,0.5,1.5,0.5,1.5,0.5,1.5,0.5,1.5,0.5,1.5,0.5,1.5,0.5,1.5,0.5,1.5,0.5,1.5,0.5,1.5,0.5,1.5,0.5,1.5,0.5
1.5,0.5,1.5,0.5,1.5,0.5,1.5,0.5,1.5,0.5,1.5,0.5,1.5,0.5,1.5,0.5,1.5,0.5,1.5,0.5,1.5,0.5,1.5,0.5,1.5,0.5,1.5,0.5,1.5,0.5,1.5,0.5
1.5,0.5,1.5,0.5,1.5,0.5,1.5,0.5,1.5,0.5,1.5,0.5,1.5,0.5,1.5,0.5,1.5,0.5,1.5,0.5,1.0,-1.0,-2.0,1.0,-1.0,-2.0,1.0,-1.0,1.0,-1.0,4.0,3.0
1.5,0.5,1.5,0.5,1.0,-1.0,-2.0,1.0,-1.0,-2.0,1.0,-1.0,1.0,-1.0,4.0,3.0,0.3333,0.3333,0.3333,1.0,-1.0,-2.0,3.0,0.3333,0.3333,0.3333,1.0,-1.0,-2.0,1.0,-1.0,-2.0
0.3333,0.3333,0.3333,1.0,-1.0,-2.0,3.0,0.3333,0.3333,0.3333,1.0,-1.0,-2.0,1.0,-1.0,-2.0,1.0,-1.0,-2.0,2.0,2.0,1.0,1.0,1.0,1.0,4.0,3.0,1.0,2.0,2.0,1.0,1.0
1.0,-1.0,-2.0,2.0,2.0,1.0,1.0,1.0,1.0,4.0,3.0,1.0,2.0,2.0,1.0,1.0,1.0,1.0,4.0,4.0,1.0,0.3333,0.3333,0.3333,2.0,1.0,0.3333,0.3333,0.3333,2.0,2.0,2.0
1.0,1.0,4.0,4.0,1.0,0.3333,0.3333,0.3333,2.0,1.0,0.3333,0.3333,0.3333,2.0,2.0,2.0,2.0,2.0,1.0,0.3333,0.3333,0.3333,1.0,1.0,1.0,0.3333,0.3333,0.3333,2.0,1.0,0.3333,0.3333
2.0,2.0,1.0,0.3333,0.3333,0.3333,1.0,1.0,1.0,0.3333,0.3333,0.3333,2.0,1.0,0.3333,0.3333,0.3333,2.0,2.0,2.0,2.0,2.0,1.0,0.3333,0.3333,0.3333,1.0,1.0,0.3333,0.3333,0.3333,0.3333
0.3333,2.0,2.0,2.0,2.0,2.0,1.0,0.3333,0.3333,0.3333,1.0,1.0,0.3333,0.3333,0.3333,0.3333,0.3333,0.3333,0.5,0.5,0.5,0.5,0.5,0.5,0.5,0.5,0.5,0.5,0.5,0.5,0.5,0.5
0.3333,0.3333,0.5,0.5,0.5,0.5,0.5,0.5,0.5,0.5,0.5,0.5,0.5,0.5,0.5,0.5,0.5,0.5,0.5,0.5,0.5,0.5,0.5,0.5,0.5,0.5,0.5,0.5,0.5,0.5,0.5,0.5
0.5,0.5,0.5,0.5,0.5,0.5,0.5,0.5,0.5,0.5,0.5,0.5,0.5,0.5,0.5,0.5,0.5,0.5,0.5,0.5,0.5,0.5,0.5,0.5,0.5,0.5,0.5,0.5,0.5,0.5,0.5,0.5
0.5,0.5,0.5,0.5,0.5,0.5,0.5,0.5,0.5,0.5,0.5,0.5,0.5,0.5,0.5,0.5,0.5,0.5,0.5,0.5,0.5,0.5,0.5,0.5,0.5,0.5,0.5,0.5,0.5,0.5,0.5,0.5
0.5,0.5,0.5,0.5,0.5,0.5,0.5,0.5,0.5,0.5,0.5,0.5,0.5,0.5,0.5,0.5,0.5,0.5,0.5,0.5,0.5,0.5,0.5,0.5,0.5,0.5,0.5,0.5,0.5,0.5,0.5,0.5
0.5,0.5,0.5,0.5,0.5,0.5,0.5,0.5,0.5,0.5,0.5,0.5,0.5,0.5,0.5,0.5,0.5,0.5,0.5,0.5,0.5,0.5,0.5,0.5,0.5,0.5,0.5,0.5,0.5,0.5,0.5,0.5
0.5,0.5,0.5,0.5,0.5,0.5,0.5,0.5,0.5,0.5,0.5,0.5,0.5,0.5,0.5,0.5,0.5,0.5,0.5,0.5,0.5,0.5,0.5,0.5,0.5,0.5,0.5,0.5,0.5,0.5,0.5,0.5
0.5,0.5,0.5,0.5,0.5,0.5,0.5,0.5,0.5,0.5,0.5,0.5,0.5,0.5,0.5,0.5,0.5,0.5,0.5,0.5,0.5,0.5,0.5,0.5,0.5,0.5,0.5,0.5,0.5,0.5,3.0,0.3333
0.5,0.5,0.5,0.5,0.5,0.5,0.5,0.5,0.5,0.5,0.5,0.5,0.5,0.5,3.0,0.3333,0.3333,0.3333,0.75,0.25,0.3333,0.3333,0.3333,0.3333,0.3333,0.3333,0.3333,0.3333,0.3333,3.0,0.3333,0.3333
0.3333,0.3333,0.75,0.25,0.3333,0.3333,0.3333,0.3333,0.3333,0.3333,0.3333,0.3333,0.3333,3.0,0.3333,0.3333,0.3333,0.75,0.25,0.3333,0.3333,0.3333,0.3333,0.3333,0.3333,0.3333,0.3333,0.3333,3.0,0.3333,0.3333,0.3333
0.3333,0.75,0.25,0.3333,0.3333,0.3333,0.3333,0.3333,0.3333,0.3333,0.3333,0.3333,3.0,0.3333,0.3333,0.3333,2.0,0.3333,0.3333,0.3333,1.0,3.0,0.3333,0.3333,0.3333,2.0,0.3333,0.3333,0.3333,1.0,2.0,0.3333
2.0,0.3333,0.3333,0.3333,1.0,3.0,0.3333,0.3333,0.3333,2.0,0.3333,0.3333,0.3333,1.0,2.0,0.3333,0.3333,0.3333,1.0,2.0,0.3333,0.3333,0.3333,1.0,4.0,0.3333,0.3333,0.3333,1.0,0.3333,0.3333,0.3333
0.3333,0.3333,1.0,2.0,0.3333,0.3333,0.3333,1.0,4.0,0.3333,0.3333,0.3333,1.0,0.3333,0.3333,0.3333,1.0,0.3333,0.3333,0.3333,1.0,0.3333,0.3333,0.3333,1.0,1.0,2.0,1.0,1.0,1.0,2.0,0.3333
1.0,0.3333,0.3333,0.3333,1.0,0.3333,0.3333,0.3333,1.0,1.0,2.0,1.0,1.0,1.0,2.0,0.3333,0.3333,0.3333,1.0,0.3333,0.3333,0.3333,1.0,0.3333,0.3333,0.3333,1.0,0.3333,0.3333,0.3333,1.0,1.0
0.3333,0.3333,1.0,0.3333,0.3333,0.3333,1.0,0.3333,0.3333,0.3333,1.0,0.3333,0.3333,0.3333,1.0,1.0,1.0,0.5,0.5,0.5,0.5,1.0,-1.0,-2.0,1.0,-1.0,-2.0,0.3333,0.3333,0.3333,0.3333,0.3333
1.0,0.5,0.5,0.5,0.5,1.0,-1.0,-2.0,1.0,-1.0,-2.0,0.3333,0.3333,0.3333,0.3333,0.3333,0.3333,0.3333,0.3333,0.3333,0.3333,0.3333,0.3333,0.3333,0.3333,0.3333,0.3333,0.3333,0.3333,0.3333,0.3333,0.3333
0.3333,0.3333,0.3333,0.3333,0.3333,0.3333,0.3333,0.3333,0.3333,0.3333,0.3333,0.3333,0.3333,0.3333,0.3333,0.3333,0.3333,0.3333,0.3333,0.3333,0.3333,0.3333,0.3333,0.3333,0.3333,0.3333,0.3333,0.3333,0.3333,0.3333,0.3333,0.3333
0.3333,0.3333,0.3333,0.3333,0.3333,0.3333,0.3333,0.3333,0.3333,0.3333,0.3333,0.3333,0.3333,0.3333,0.3333,0.3333,0.3333,0.3333,0.3333,0.3333,0.3333,0.3333,0.3333,0.3333,0.3333,0.3333,0.3333,0.3333,0.3333,0.3333,0.3333,0.3333
0.3333,0.3333,0.3333,0.3333,0.3333,0.3333,0.3333,0.3333,0.3333,0.3333,0.3333,0.3333,0.3333,0.3333,0.3333,0.3333,0.3333,0.3333,0.3333,0.3333,0.3333,0.3333,0.3333,0.3333,0.3333,0.3333,0.3333,0.3333,0.3333,0.3333,0.3333,0.3333
0.3333,0.3333,0.3333,0.3333,0.3333,0.3333,0.3333,0.3333,0.3333,0.3333,0.3333,0.3333,0.3333,0.3333,0.3333,0.3333,0.3333,0.3333,0.3333,0.3333,0.3333,0.3333,0.3333,0.3333,0.3333,0.3333,0.3333,0.3333,0.3333,0.3333,0.3333,0.3333
0.3333,0.3333,0.3333,0.3333,0.3333,0.3333,0.3333,0.3333,0.3333,0.3333,0.3333,0.3333,0.3333,0.3333,0.3333,0.3333,0.3333,0.3333,0.3333,0.3333,0.3333,0.3333,0.3333,0.3333,0.3333,0.3333,0.3333,0.3333,0.3333,0.3333,0.3333,0.3333
0.3333,0.3333,0.3333,0.3333,0.3333,0.3333,0.3333,0.3333,0.3333,0.3333,0.3333,0.3333,0.3333,0.3333,0.3333,0.3333,0.3333,0.3333,0.3333,0.3333,0.3333,0.3333,0.3333,0.3333,0.3333,0.3333,0.3333,0.3333,0.3333,0.3333,0.3333,0.3333
0.3333,0.3333,0.3333,0.3333,0.3333,0.3333,0.3333,0.3333,0.3333,0.3333,0.3333,0.3333,0.3333,0.3333,0.3333,0.3333,0.3333,0.3333,0.3333,2.0,0.3333,0.3333,0.3333,0.3333,0.3333,0.3333,0.3333,0.3333,0.3333,0.3333,0.3333,0.3333
0.3333,0.3333,0.3333,2.0,0.3333,0.3333,0.3333,0.3333,0.3333,0.3333,0.3333,0.3333,0.3333,0.3333,0.3333,0.3333,0.3333,0.3333,0.3333,0.3333,0.3333,0.3333,0.3333,0.3333,0.3333,0.3333,0.3333,0.3333,0.3333,0.3333,0.3333,0.3333
0.3333,0.3333,0.3333,0.3333,0.3333,0.3333,0.3333,0.3333,0.3333,0.3333,0.3333,0.3333,0.3333,0.3333,0.3333,0.3333,0.3333,0.3333,0.3333,0.3333,0.3333,0.3333,0.3333,0.3333,0.3333,0.3333,0.3333,0.3333,0.3333,0.3333,0.3333,0.3333
0.3333,0.3333,0.3333,0.3333,0.3333,0.3333,0.3333,0.3333,0.3333,0.3333,0.3333,0.3333,0.3333,0.3333,0.3333,0.3333,0.3333,0.3333,0.3333,0.3333,0.3333,0.3333,0.3333,0.3333,0.3333,0.3333,2.0,0.3333,0.3333,0.3333,0.3333,0.3333
0.3333,0.3333,0.3333,0.3333,0.3333,0.3333,0.3333,0.3333,0.3333,0.3333,2.0,0.3333,0.3333,0.3333,0.3333,0.3333,0.3333,0.3333,0.3333,0.3333,0.3333,0.3333,0.3333,0.3333,0.3333,0.3333,0.3333,0.3333,0.3333,0.3333,0.3333,0.3333
0.3333,0.3333,0.3333,0.3333,0.3333,0.3333,0.3333,0.3333,0.3333,0.3333,0.3333,0.3333,0.3333,0.3333,0.3333,0.3333,0.3333,0.3333,0.3333,0.3333,0.3333,0.3333,0.3333,0.3333,0.3333,0.3333,0.3333,0.3333,0.3333,0.3333,0.3333,0.3333
0.3333,0.3333,0.3333,0.3333,0.3333,0.3333,0.3333,0.3333,0.3333,0.3333,0.3333,0.3333,0.3333,0.3333,0.3333,0.3333,0.3333,0.3333,0.3333,0.3333,0.3333,0.3333,0.3333,0.3333,0.3333,0.3333,0.3333,0.3333,0.3333,0.3333,0.3333,0.3333
0.3333,0.3333,0.3333,0.3333,0.3333,0.3333,0.3333,0.3333,0.3333,0.3333,0.3333,0.3333,0.3333,0.3333,0.3333,0.3333,0.3333,0.3333,0.3333,0.3333,0.3333,0.3333,0.3333,0.3333,0.3333,0.3333,0.3333,0.3333,0.3333,0.3333,0.3333,0.3333
0.3333,0.3333,0.3333,0.3333,0.3333,0.3333,0.3333,0.3333,0.3333,0.3333,0.3333,0.3333,0.3333,0.3333,0.3333,0.3333,0.3333,0.3333,0.3333,0.3333,0.3333,0.3333,0.3333,0.3333,0.3333,1.5,0.25,0.25,0.5,0.5,0.75,0.25
0.3333,0.3333,0.3333,0.3333,0.3333,0.3333,0.3333,0.3333,0.3333,1.5,0.25,0.25,0.5,0.5,0.75,0.25,2.0,1.0,1.0,1.0,-1.0,-2.0,-1.0,-0.5,-0.25,0.25,0.5,0.5,0.75,0.25,2.0,1.0
2.0,1.0,1.0,1.0,-1.0,-2.0,-1.0,-0.5,-0.25,0.25,0.5,0.5,0.75,0.25,2.0,1.0,1.0,1.0,-1.0,-2.0,0.25,0.25,0.25,0.25,0.25,0.25,0.25,0.25,2.0,1.0,-1.0,-2.0
1.0,1.0,-1.0,-2.0,0.25,0.25,0.25,0.25,0.25,0.25,0.25,0.25,2.0,1.0,-1.0,-2.0,0.25,0.25,0.25,0.25,0.25,0.25,0.25,0.25,0.25,0.25,0.25,0.25,0.25,0.25,0.25,0.25
0.25,0.25,0.25,0.25,0.25,0.25,0.25,0.25,0.25,0.25,0.25,0.25,0.25,0.25,0.25,0.25,1.0,2.0,1.0,1.0,-1.0,-2.0,-1.0,0.25,0.25,0.25,0.25,0.25,0.25,0.25,0.25,0.25
1.0,2.0,1.0,1.0,-1.0,-2.0,-1.0,0.25,0.25,0.25,0.25,0.25,0.25,0.25,0.25,0.25,0.25,0.25,0.25,0.25,0.25,0.25,0.25,1.0,-2.0,-1.0,0.25,0.25,0.25,0.25,0.25,0.25
0.25,0.25,0.25,0.25,0.25,0.25,0.25,1.0,-2.0,-1.0,0.25,0.25,0.25,0.25,0.25,0.25,0.25,0.25,0.25,0.25,0.25,0.25,1.0,-1.0,0.25,0.25,0.25,0.25,1.0,-2.0,0.25,0.25
0.25,0.25,0.25,0.25,0.25,0.25,1.0,-1.0,0.25,0.25,0.25,0.25,1.0,-2.0,0.25,0.25,0.25,0.25,1.0,-4.0,-4.0,-4.0,0.3333,0.3333,0.3333,0.3333,0.3333,0.3333,0.3333,0.3333,0.3333,0.3333
0.25,0.25,1.0,-4.0,-4.0,-4.0,0.3333,0.3333,0.3333,0.3333,0.3333,0.3333,0.3333,0.3333,0.3333,0.3333,0.3333,0.3333,0.3333,0.3333,0.3333,0.5,0.5,0.5,0.5,0.5,0.5,0.3333,0.3333,0.3333,0.5,0.5
0.3333,0.3333,0.3333,0.3333,0.3333,0.5,0.5,0.5,0.5,0.5,0.5,0.3333,0.3333,0.3333,0.5,0.5,0.5,0.5,0.5,0.5,0.5,0.5,0.5,0.5,0.3333,0.3333,0.3333,0.5,0.5,0.3333,0.3333,0.3333
0.5,0.5,0.5,0.5,0.5,0.5,0.5,0.5,0.3333,0.3333,0.3333,0.5,0.5,0.3333,0.3333,0.3333,0.5,0.5,0.5,0.5,0.5,0.5,0.3333,0.3333,0.3333,0.5,0.5,0.5,0.5,0.5,0.5,0.3333
0.5,0.5,0.5,0.5,0.5,0.5,0.3333,0.3333,0.3333,0.5,0.5,0.5,0.5,0.5,0.5,0.3333,0.3333,0.3333,0.5,0.5,0.5,0.5,0.5,0.5,0.3333,0.3333,0.3333,0.3333,0.3333,0.3333,0.3333,0.3333
0.3333,0.3333,0.5,0.5,0.5,0.5,0.5,0.5,0.3333,0.3333,0.3333,0.3333,0.3333,0.3333,0.3333,0.3333,0.3333,0.3333,0.3333,0.3333,0.3333,0.3333,0.3333,0.5,0.5,0.5,0.5,0.3333,0.3333,0.3333,0.3333,0.3333
0.3333,0.3333,0.3333,0.3333,0.3333,0.3333,0.3333,0.5,0.5,0.5,0.5,0.3333,0.3333,0.3333,0.3333,0.3333,0.3333,0.5,0.5,0.3333,0.3333,0.3333,0.5,0.5,0.25,0.25,0.25,0.25,0.25,0.25,0.25,0.25
0.3333,0.5,0.5,0.3333,0.3333,0.3333,0.5,0.5,0.25,0.25,0.25,0.25,0.25,0.25,0.25,0.25,0.25,0.25,0.25,0.25,0.25,0.25,0.25,0.25,0.25,0.25,0.25,0.25,0.25,0.25,0.25,0.25
0.25,0.25,0.25,0.25,0.25,0.25,0.25,0.25,0.25,0.25,0.25,0.25,0.25,0.25,0.25,0.25,0.25,0.25,0.25,0.25,0.25,0.25,0.25,0.25,1.0,-1.0,-1.0,-0.5,-0.25,0.25,0.5,0.5
0.25,0.25,0.25,0.25,0.25,0.25,0.25,0.25,1.0,-1.0,-1.0,-0.5,-0.25,0.25,0.5,0.5,0.75,0.25,1.5,0.5,0.5,0.5,0.75,0.25,1.5,0.5,0.5,0.5,0.75,0.25,2.0,1.0
0.75,0.25,1.5,0.5,0.5,0.5,0.75,0.25,1.5,0.5,0.5,0.5,0.75,0.25,2.0,1.0,1.0,1.0,1.0,2.0,2.0,1.0,-0.5,-0.25,0.25,0.5,0.5,0.75,0.25,1.5,0.5,0.5
1.0,1.0,1.0,2.0,2.0,1.0,-0.5,-0.25,0.25,0.5,0.5,0.75,0.25,1.5,0.5,0.5,0.5,0.75,0.25,1.5,0.5,0.5,0.5,0.75,0.25,1.5,0.5,0.5,0.5,0.75,0.25,2.0
0.5,0.75,0.25,1.5,0.5,0.5,0.5,0.75,0.25,1.5,0.5,0.5,0.5,0.75,0.25,2.0,2.0,2.0,2.0,2.0,2.0,1.0,2.0,1.0,1.0,0.75,0.25,0.5,0.5,0.75,0.25,0.5
2.0,2.0,2.0,2.0,2.0,1.0,2.0,1.0,1.0,0.75,0.25,0.5,0.5,0.75,0.25,0.5,0.5,0.75,0.25,0.5,0.5,0.75,0.25,0.5,0.5,0.75,0.25,0.5,0.5,0.5,0.5,0.75
0.5,0.75,0.25,0.5,0.5,0.75,0.25,0.5,0.5,0.75,0.25,0.5,0.5,0.5,0.5,0.75,0.25,0.5,0.5,0.5,0.5,0.75,0.25,1.0,1.0,1.0,1.0,2.0,2.0,1.0,-1.0,-1.0
0.25,0.5,0.5,0.5,0.5,0.75,0.25,1.0,1.0,1.0,1.0,2.0,2.0,1.0,-1.0,-1.0,0.75,0.25,2.0,-1.0,0.75,0.25,2.0,-1.0,0.75,0.25,2.0,-1.0,0.75,0.25,0.75,0.25
0.75,0.25,2.0,-1.0,0.75,0.25,2.0,-1.0,0.75,0.25,2.0,-1.0,0.75,0.25,0.75,0.25,0.75,0.25,0.75,0.25,0.75,0.25,1.0,-1.0,1.0,-1.0,1.0,-1.0,-2.0,3.0,0.3333,0.3333
0.75,0.25,0.75,0.25,0.75,0.25,1.0,-1.0,1.0,-1.0,1.0,-1.0,-2.0,3.0,0.3333,0.3333,0.3333,1.0,-1.0,-2.0,3.0,0.3333,0.3333,0.3333,1.0,-1.0,-2.0,1.0,-1.0,-2.0,1.0,-1.0
0.3333,1.0,-1.0,-2.0,3.0,0.3333,0.3333,0.3333,1.0,-1.0,-2.0,1.0,-1.0,-2.0,1.0,-1.0,-2.0,2.0,2.0,1.0,1.0,1.0,1.0,4.0,3.0,1.0,2.0,2.0,1.0,1.0,1.0,1.0
-2.0,2.0,2.0,1.0,1.0,1.0,1.0,4.0,3.0,1.0,2.0,2.0,1.0,1.0,1.0,1.0,4.0,4.0,1.0,0.3333,0.3333,0.3333,2.0,1.0,0.3333,0.3333,0.3333,2.0,2.0,2.0,2.0,2.0
4.0,4.0,1.0,0.3333,0.3333,0.3333,2.0,1.0,0.3333,0.3333,0.3333,2.0,2.0,2.0,2.0,2.0,1.0,0.3333,0.3333,0.3333,1.0,1.0,1.0,0.3333,0.3333,0.3333,2.0,1.0,0.3333,0.3333,0.3333,2.0
1.0,0.3333,0.3333,0.3333,1.0,1.0,1.0,0.3333,0.3333,0.3333,2.0,1.0,0.3333,0.3333,0.3333,2.0,2.0,2.0,2.0,2.0,1.0,0.3333,0.3333,0.3333,1.0,1.0,0.3333,0.3333,0.3333,0.3333,0.3333,0.3333
2.0,2.0,2.0,2.0,1.0,0.3333,0.3333,0.3333,1.0,1.0,0.3333,0.3333,0.3333,0.3333,0.3333,0.3333,0.5,0.5,0.5,0.5,0.5,0.5,0.5,0.5,0.5,0.5,0.5,0.5,0.5,0.5,0.5,0.5
0.5,0.5,0.5,0.5,0.5,0.5,0.5,0.5,0.5,0.5,0.5,0.5,0.5,0.5,0.5,0.5,0.5,0.5,0.5,0.5,0.5,0.5,0.5,0.5,0.5,0.5,0.5,0.5,0.5,0.5,0.5,0.5
0.5,0.5,0.5,0.5,0.5,0.5,0.5,0.5,0.5,0.5,0.5,0.5,0.5,0.5,0.5,0.5,0.5,0.5,0.5,0.5,0.5,0.5,0.5,0.5,0.5,0.5,0.5,0.5,0.5,0.5,0.5,0.5
0.5,0.5,0.5,0.5,0.5,0.5,0.5,0.5,0.5,0.5,0.5,0.5,0.5,0.5,0.5,0.5,0.5,0.5,0.5,0.5,0.5,0.5,0.5,0.5,0.5,0.5,0.5,0.5,0.5,0.5,0.5,0.5
0.5,0.5,0.5,0.5,0.5,0.5,0.5,0.5,0.5,0.5,0.5,0.5,0.5,0.5,0.5,0.5,0.5,0.5,0.5,0.5,0.5,0.5,0.5,0.5,0.5,0.5,0.5,0.5,0.5,0.5,0.5,0.5
0.5,0.5,0.5,0.5,0.5,0.5,0.5,0.5,0.5,0.5,0.5,0.5,0.5,0.5,0.5,0.5,0.5,0.5,0.5,0.5,0.5,0.5,0.5,0.5,0.5,0.5,0.5,0.5,0.5,0.5,0.5,0.5
0.5,0.5,0.5,0.5,0.5,0.5,0.5,0.5,0.5,0.5,0.5,0.5,0.5,0.5,0.5,0.5,0.5,0.5,0.5,0.5,0.5,0.5,0.5,0.5,0.5,0.5,0.5,0.5,0.5,0.5,0.5,0.5
0.5,0.5,0.5,0.5,0.5,0.5,0.5,0.5,0.5,0.5,0.5,0.5,0.5,0.5,0.5,0.5,0.5,0.5,0.5,0.5,0.5,0.5,0.5,0.5,0.5,0.5,0.5,0.5,3.0,0.3333,0.3333,0.3333
0.5,0.5,0.5,0.5,0.5,0.5,0.5,0.5,0.5,0.5,0.5,0.5,3.0,0.3333,0.3333,0.3333,0.75,0.25,0.3333,0.3333,0.3333,0.3333,0.3333,0.3333,0.3333,0.3333,0.3333,3.0,0.3333,0.3333,0.3333,0.75
0.75,0.25,0.3333,0.3333,0.3333,0.3333,0.3333,0.3333,0.3333,0.3333,0.3333,3.0,0.3333,0.3333,0.3333,0.75,0.25,0.3333,0.3333,0.3333,0.3333,0.3333,0.3333,0.3333,0.3333,0.3333,3.0,0.3333,0.3333,0.3333,2.0,0.3333
0.25,0.3333,0.3333,0.3333,0.3333,0.3333,0.3333,0.3333,0.3333,0.3333,3.0,0.3333,0.3333,0.3333,2.0,0.3333,0.3333,0.3333,1.0,3.0,0.3333,0.3333,0.3333,2.0,0.3333,0.3333,0.3333,1.0,2.0,0.3333,0.3333,0.3333
0.3333,0.3333,1.0,3.0,0.3333,0.3333,0.3333,2.0,0.3333,0.3333,0.3333,1.0,2.0,0.3333,0.3333,0.3333,1.0,2.0,0.3333,0.3333,0.3333,1.0,4.0,0.3333,0.3333,0.3333,1.0,0.3333,0.3333,0.3333,1.0,0.3333
1.0,2.0,0.3333,0.3333,0.3333,1.0,4.0,0.3333,0.3333,0.3333,1.0,0.3333,0.3333,0.3333,1.0,0.3333,0.3333,0.3333,1.0,0.3333,0.3333,0.3333,1.0,1.0,2.0,1.0,1.0,1.0,2.0,0.3333,0.3333,0.3333
0.3333,0.3333,1.0,0.3333,0.3333,0.3333,1.0,1.0,2.0,1.0,1.0,1.0,2.0,0.3333,0.3333,0.3333,1.0,0.3333,0.3333,0.3333,1.0,0.3333,0.3333,0.3333,1.0,0.3333,0.3333,0.3333,1.0,1.0,1.0,0.5
1.0,0.3333,0.3333,0.3333,1.0,0.3333,0.3333,0.3333,1.0,0.3333,0.3333,0.3333,1.0,1.0,1.0,0.5,0.5,0.5,0.5,1.0,-1.0,-2.0,1.0,-1.0,-2.0,0.3333,0.3333,0.3333,0.3333,0.3333,0.3333,0.3333
0.5,0.5,0.5,1.0,-1.0,-2.0,1.0,-1.0,-2.0,0.3333,0.3333,0.3333,0.3333,0.3333,0.3333,0.3333,0.3333,0.3333,0.3333,0.3333,0.3333,0.3333,0.3333,0.3333,0.3333,0.3333,0.3333,0.3333,0.3333,0.3333,0.3333,0.3333
0.3333,0.3333,0.3333,0.3333,0.3333,0.3333,0.3333,0.3333,0.3333,0.3333,0.3333,0.3333,0.3333,0.3333,0.3333,0.3333,0.3333,0.3333,0.3333,0.3333,0.3333,0.3333,0.3333,0.3333,0.3333,0.3333,0.3333,0.3333,0.3333,0.3333,0.3333,0.3333
0.3333,0.3333,0.3333,0.3333,0.3333,0.3333,0.3333,0.3333,0.3333,0.3333,0.3333,0.3333,0.3333,0.3333,0.3333,0.3333,0.3333,0.3333,0.3333,0.3333,0.3333,0.3333,0.3333,0.3333,0.3333,0.3333,0.3333,0.3333,0.3333,0.3333,0.3333,0.3333
0.3333,0.3333,0.3333,0.3333,0.3333,0.3333,0.3333,0.3333,0.3333,0.3333,0.3333,0.3333,0.3333,0.3333,0.3333,0.3333,0.3333,0.3333,0.3333,0.3333,0.3333,0.3333,0.3333,0.3333,0.3333,0.3333,0.3333,0.3333,0.3333,0.3333,0.3333,0.3333
0.3333,0.3333,0.3333,0.3333,0.3333,0.3333,0.3333,0.3333,0.3333,0.3333,0.3333,0.3333,0.3333,0.3333,0.3333,0.3333,0.3333,0.3333,0.3333,0.3333,0.3333,0.3333,0.3333,0.3333,0.3333,0.3333,0.3333,0.3333,0.3333,0.3333,0.3333,0.3333
0.3333,0.3333,0.3333,0.3333,0.3333,0.3333,0.3333,0.3333,0.3333,0.3333,0.3333,0.3333,0.3333,0.3333,0.3333,0.3333,0.3333,0.3333,0.3333,0.3333,0.3333,0.3333,0.3333,0.3333,0.3333,0.3333,0.3333,0.3333,0.3333,0.3333,0.3333,0.3333
0.3333,0.3333,0.3333,0.3333,0.3333,0.3333,0.3333,0.3333,0.3333,0.3333,0.3333,0.3333,0.3333,0.3333,0.3333,0.3333,0.3333,0.3333,0.3333,0.3333,0.3333,0.3333,0.3333,0.3333,0.3333,0.3333,0.3333,0.3333,0.3333,0.3333,0.3333,0.3333
0.3333,0.3333,0.3333,0.3333,0.3333,0.3333,0.3333,0.3333,0.3333,0.3333,0.3333,0.3333,0.3333,0.3333,0.3333,0.3333,0.3333,2.0,0.3333,0.3333,0.3333,0.3333,0.3333,0.3333,0.3333,0.3333,0.3333,0.3333,0.3333,0.3333,0.3333,0.3333
0.3333,2.0,0.3333,0.3333,0.3333,0.3333,0.3333,0.3333,0.3333,0.3333,0.3333,0.3333,0.3333,0.3333,0.3333,0.3333,0.3333,0.3333,0.3333,0.3333,0.3333,0.3333,0.3333,0.3333,0.3333,0.3333,0.3333,0.3333,0.3333,0.3333,0.3333,0.3333
0.3333,0.3333,0.3333,0.3333,0.3333,0.3333,0.3333,0.3333,0.3333,0.3333,0.3333,0.3333,0.3333,0.3333,0.3333,0.3333,0.3333,0.3333,0.3333,0.3333,0.3333,0.3333,0.3333,0.3333,0.3333,0.3333,0.3333,0.3333,0.3333,0.3333,0.3333,0.3333
0.3333,0.3333,0.3333,0.3333,0.3333,0.3333,0.3333,0.3333,0.3333,0.3333,0.3333,0.3333,0.3333,0.3333,0.3333,0.3333,0.3333,0.3333,0.3333,0.3333,0.3333,0.3333,0.3333,0.3333,2.0,0.3333,0.3333,0.3333,0.3333,0.3333,0.3333,0.3333
0.3333,0.3333,0.3333,0.3333,0.3333,0.3333,0.3333,0.3333,2.0,0.3333,0.3333,0.3333,0.3333,0.3333,0.3333,0.3333,0.3333,0.3333,0.3333,0.3333,0.3333,0.3333,0.3333,0.3333,0.3333,0.3333,0.3333,0.3333,0.3333,0.3333,0.3333,0.3333
0.3333,0.3333,0.3333,0.3333,0.3333,0.3333,0.3333,0.3333,0.3333,0.3333,0.3333,0.3333,0.3333,0.3333,0.3333,0.3333,0.3333,0.3333,0.3333,0.3333,0.3333,0.3333,0.3333,0.3333,0.3333,0.3333,0.3333,0.3333,0.3333,0.3333,0.3333,0.3333
0.3333,0.3333,0.3333,0.3333,0.3333,0.3333,0.3333,0.3333,0.3333,0.3333,0.3333,0.3333,0.3333,0.3333,0.3333,0.3333,0.3333,0.3333,0.3333,0.3333,0.3333,0.3333,0.3333,0.3333,0.3333,0.3333,0.3333,0.3333,0.3333,0.3333,0.3333,0.3333
0.3333,0.3333,0.3333,0.3333,0.3333,0.3333,0.3333,0.3333,0.3333,0.3333,0.3333,0.3333,0.3333,0.3333,0.3333,0.3333,0.3333,0.3333,0.3333,0.3333,0.3333,0.3333,0.3333,0.3333,0.3333,0.3333,0.3333,0.3333,0.3333,0.3333,0.3333,0.3333
0.3333,0.3333,0.3333,0.3333,0.3333,0.3333,0.3333,0.3333,0.3333,0.3333,0.3333,0.3333,0.3333,0.3333,0.3333,0.3333,0.3333,0.3333,0.3333,0.3333,0.3333,0.3333,0.3333,1.5,0.25,0.25,0.5,0.5,0.75,0.25,2.0,1.0
0.3333,0.3333,0.3333,0.3333,0.3333,0.3333,0.3333,1.5,0.25,0.25,0.5,0.5,0.75,0.25,2.0,1.0,1.0,1.0,-1.0,-2.0,-1.0,-0.5,-0.25,0.25,0.5,0.5,0.75,0.25,2.0,1.0,1.0,1.0
1.0,1.0,-1.0,-2.0,-1.0,-0.5,-0.25,0.25,0.5,0.5,0.75,0.25,2.0,1.0,1.0,1.0,-1.0,-2.0,0.25,0.25,0.25,0.25,0.25,0.25,0.25,0.25,2.0,1.0,-1.0,-2.0,0.25,0.25
-1.0,-2.0,0.25,0.25,0.25,0.25,0.25,0.25,0.25,0.25,2.0,1.0,-1.0,-2.0,0.25,0.25,0.25,0.25,0.25,0.25,0.25,0.25,0.25,0.25,0.25,0.25,0.25,0.25,0.25,0.25,1.0,2.0
0.25,0.25,0.25,0.25,0.25,0.25,0.25,0.25,0.25,0.25,0.25,0.25,0.25,0.25,1.0,2.0,1.0,1.0,-1.0,-2.0,-1.0,0.25,0.25,0.25,0.25,0.25,0.25,0.25,0.25,0.25,0.25,0.25
1.0,1.0,-1.0,-2.0,-1.0,0.25,0.25,0.25,0.25,0.25,0.25,0.25,0.25,0.25,0.25,0.25,0.25,0.25,0.25,0.25,0.25,1.0,-2.0,-1.0,0.25,0.25,0.25,0.25,0.25,0.25,0.25,0.25
0.25,0.25,0.25,0.25,0.25,1.0,-2.0,-1.0,0.25,0.25,0.25,0.25,0.25,0.25,0.25,0.25,0.25,0.25,0.25,0.25,1.0,-1.0,0.25,0.25,0.25,0.25,1.0,-2.0,0.25,0.25,0.25,0.25
0.25,0.25,0.25,0.25,1.0,-1.0,0.25,0.25,0.25,0.25,1.0,-2.0,0.25,0.25,0.25,0.25,1.0,-4.0,-4.0,-4.0,0.3333,0.3333,0.3333,0.3333,0.3333,0.3333,0.3333,0.3333,0.3333,0.3333,0.3333,0.3333
1.0,-4.0,-4.0,-4.0,0.3333,0.3333,0.3333,0.3333,0.3333,0.3333,0.3333,0.3333,0.3333,0.3333,0.3333,0.3333,0.3333,0.3333,0.3333,0.5,0.5,0.5,0.5,0.5,0.5,0.3333,0.3333,0.3333,0.5,0.5,0.5,0.5
0.3333,0.3333,0.3333,0.5,0.5,0.5,0.5,0.5,0.5,0.3333,0.3333,0.3333,0.5,0.5,0.5,0.5,0.5,0.5,0.5,0.5,0.5,0.5,0.3333,0.3333,0.3333,0.5,0.5,0.3333,0.3333,0.3333,0.5,0.5
0.5,0.5,0.5,0.5,0.5,0.5,0.3333,0.3333,0.3333,0.5,0.5,0.3333,0.3333,0.3333,0.5,0.5,0.5,0.5,0.5,0.5,0.3333,0.3333,0.3333,0.5,0.5,0.5,0.5,0.5,0.5,0.3333,0.3333,0.3333
0.5,0.5,0.5,0.5,0.3333,0.3333,0.3333,0.5,0.5,0.5,0.5,0.5,0.5,0.3333,0.3333,0.3333,0.5,0.5,0.5,0.5,0.5,0.5,0.3333,0.3333,0.3333,0.3333,0.3333,0.3333,0.3333,0.3333,0.3333,0.3333
0.5,0.5,0.5,0.5,0.5,0.5,0.3333,0.3333,0.3333,0.3333,0.3333,0.3333,0.3333,0.3333,0.3333,0.3333,0.3333,0.3333,0.3333,0.3333,0.3333,0.5,0.5,0.5,0.5,0.3333,0.3333,0.3333,0.3333,0.3333,0.3333,0.5
0.3333,0.3333,0.3333,0.3333,0.3333,0.5,0.5,0.5,0.5,0.3333,0.3333,0.3333,0.3333,0.3333,0.3333,0.5,0.5,0.3333,0.3333,0.3333,0.5,0.5,0.25,0.25,0.25,0.25,0.25,0.25,0.25,0.25,0.25,0.25
0.5,0.3333,0.3333,0.3333,0.5,0.5,0.25,0.25,0.25,0.25,0.25,0.25,0.25,0.25,0.25,0.25,0.25,0.25,0.25,0.25,0.25,0.25,0.25,0.25,0.25,0.25,0.25,0.25,0.25,0.25,0.25,0.25
0.25,0.25,0.25,0.25,0.25,0.25,0.25,0.25,0.25,0.25,0.25,0.25,0.25,0.25,0.25,0.25,0.25,0.25,0.25,0.25,0.25,0.25,1.0,-1.0,-1.0,-0.5,-0.25,0.25,0.5,0.5,0.75,0.25
0.25,0.25,0.25,0.25,0.25,0.25,1.0,-1.0,-1.0,-0.5,-0.25,0.25,0.5,0.5,0.75,0.25,1.5,0.5,0.5,0.5,0.75,0.25,1.5,0.5,0.5,0.5,0.75,0.25,2.0,1.0,1.0,1.0
1.5,0.5,0.5,0.5,0.75,0.25,1.5,0.5,0.5,0.5,0.75,0.25,2.0,1.0,1.0,1.0,1.0,2.0,2.0,1.0,-0.5,-0.25,0.25,0.5,0.5,0.75,0.25,1.5,0.5,0.5,0.5,0.75
1.0,2.0,2.0,1.0,-0.5,-0.25,0.25,0.5,0.5,0.75,0.25,1.5,0.5,0.5,0.5,0.75,0.25,1.5,0.5,0.5,0.5,0.75,0.25,1.5,0.5,0.5,0.5,0.75,0.25,2.0,2.0,2.0
0.25,1.5,0.5,0.5,0.5,0.75,0.25,1.5,0.5,0.5,0.5,0.75,0.25,2.0,2.0,2.0,2.0,2.0,2.0,1.0,2.0,1.0,1.0,0.75,0.25,0.5,0.5,0.75,0.25,0.5,0.5,0.75
2.0,2.0,2.0,1.0,2.0,1.0,1.0,0.75,0.25,0.5,0.5,0.75,0.25,0.5,0.5,0.75,0.25,0.5,0.5,0.75,0.25,0.5,0.5,0.75,0.25,0.5,0.5,0.5,0.5,0.75,0.25,0.5
0.25,0.5,0.5,0.75,0.25,0.5,0.5,0.75,0.25,0.5,0.5,0.5,0.5,0.75,0.25,0.5,0.5,0.5,0.5,0.75,0.25,1.0,1.0,1.0,1.0,2.0,2.0,1.0,-1.0,-1.0,0.75,0.25
0.5,0.5,0.5,0.75,0.25,1.0,1.0,1.0,1.0,2.0,2.0,1.0,-1.0,-1.0,0.75,0.25,2.0,-1.0,0.75,0.25,2.0,-1.0,0.75,0.25,2.0,-1.0,0.75,0.25,0.75,0.25,0.75,0.25
2.0,-1.0,0.75,0.25,2.0,-1.0,0.75,0.25,2.0,-1.0,0.75,0.25,0.75,0.25,0.75,0.25,0.75,0.25,0.75,0.25,1.0,-1.0,1.0,-1.0,1.0,-1.0,-2.0,1.0,-1.0,-1.0,-0.5,-0.25
0.75,0.25,0.75,0.25,1.0,-1.0,1.0,-1.0,1.0,-1.0,-2.0,1.0,-1.0,-1.0,-0.5,-0.25,0.25,0.5,0.5,0.75,0.25,1.5,0.25,0.25,0.5,0.5,0.75,0.25,2.0,1.0,1.0,1.0
0.25,0.5,0.5,0.75,0.25,1.5,0.25,0.25,0.5,0.5,0.75,0.25,2.0,1.0,1.0,1.0,1.0,1.0,2.0,1.0,0.5,0.5,0.75,0.25,0.5,0.5,0.75,0.25,0.5,0.5,0.75,0.25
1.0,1.0,2.0,1.0,0.5,0.5,0.75,0.25,0.5,0.5,0.75,0.25,0.5,0.5,0.75,0.25,0.5,0.5,0.75,0.25,0.5,0.5,0.5,0.5,0.75,0.25,0.5,0.5,0.5,0.5,0.75,0.25
0.5,0.5,0.75,0.25,0.5,0.5,0.5,0.5,0.75,0.25,0.5,0.5,0.5,0.5,0.75,0.25,0.75,0.25,0.75,0.25,1.0,1.0,1.0,1.0,1.0,2.0,1.0,3.0,1.0,1.0,2.0,1.0
0.75,0.25,0.75,0.25,1.0,1.0,1.0,1.0,1.0,2.0,1.0,3.0,1.0,1.0,2.0,1.0,1.0,1.0,1.0,1.0,1.0,1.0,1.0,1.0,1.0,0.3333,0.3333,0.3333,1.0,1.0,1.0,1.0
1.0,1.0,1.0,1.0,1.0,1.0,1.0,1.0,1.0,0.3333,0.3333,0.3333,1.0,1.0,1.0,1.0,1.0,1.0,1.0,0.3333,0.3333,0.3333,1.0,1.0,1.0,1.0,1.0,1.0,1.5,-0.25,0.25,0.5
1.0,1.0,1.0,0.3333,0.3333,0.3333,1.0,1.0,1.0,1.0,1.0,1.0,1.5,-0.25,0.25,0.5,0.5,0.75,0.25,0.75,0.25,0.75,0.25,0.75,0.25,0.75,0.25,1.0,1.0,1.0,1.0,2.0
0.5,0.75,0.25,0.75,0.25,0.75,0.25,0.75,0.25,0.75,0.25,1.0,1.0,1.0,1.0,2.0,2.0,2.0,2.0,4.0,1.0,0.3333,0.3333,0.3333,1.0,1.0,1.0,1.0,1.0,1.0,1.0,0.3333
2.0,2.0,2.0,4.0,1.0,0.3333,0.3333,0.3333,1.0,1.0,1.0,1.0,1.0,1.0,1.0,0.3333,0.3333,0.3333,1.0,1.0,1.0,1.0,1.0,1.0,1.5,-0.25,0.25,0.5,0.5,0.75,0.25,0.75
0.3333,0.3333,1.0,1.0,1.0,1.0,1.0,1.0,1.5,-0.25,0.25,0.5,0.5,0.75,0.25,0.75,0.25,0.75,0.25,0.75,0.25,0.75,0.25,1.0,1.0,1.0,1.0,1.0,1.0,2.0,2.0,2.0
0.25,0.75,0.25,0.75,0.25,0.75,0.25,1.0,1.0,1.0,1.0,1.0,1.0,2.0,2.0,2.0,4.0,2.0,-1.0,-0.5,-0.25,0.25,0.5,0.5,0.75,0.25,1.5,0.25,0.25,0.5,0.5,0.75
4.0,2.0,-1.0,-0.5,-0.25,0.25,0.5,0.5,0.75,0.25,1.5,0.25,0.25,0.5,0.5,0.75,0.25,1.5,0.25,0.25,0.5,0.5,0.75,0.25,1.5,0.25,0.25,0.5,0.5,0.75,0.25,1.5
0.25,1.5,0.25,0.25,0.5,0.5,0.75,0.25,1.5,0.25,0.25,0.5,0.5,0.75,0.25,1.5,0.25,0.25,0.5,0.5,0.75,0.25,0.5,0.5,0.75,0.25,1.5,0.25,0.25,0.5,0.5,0.75
0.25,0.25,0.5,0.5,0.75,0.25,0.5,0.5,0.75,0.25,1.5,0.25,0.25,0.5,0.5,0.75,0.25,1.5,0.25,0.25,0.5,0.5,0.75,0.25,0.75,0.25,0.75,0.25,0.75,0.25,0.75,0.25
0.25,1.5,0.25,0.25,0.5,0.5,0.75,0.25,0.75,0.25,0.75,0.25,0.75,0.25,0.75,0.25,0.75,0.25,0.75,0.25,0.75,0.25,0.75,0.25,1.0,1.0,-2.0,0.5,0.5,0.75,0.25,0.5
0.75,0.25,0.75,0.25,0.75,0.25,0.75,0.25,1.0,1.0,-2.0,0.5,0.5,0.75,0.25,0.5,0.5,0.75,0.25,0.5,0.5,0.75,0.25,0.5,0.5,0.75,0.25,0.5,0.5,0.75,0.25,0.5
0.5,0.75,0.25,0.5,0.5,0.75,0.25,0.5,0.5,0.75,0.25,0.5,0.5,0.75,0.25,0.5,0.5,0.75,0.25,0.5,0.5,0.75,0.25,0.5,0.5,0.75,0.25,0.5,0.5,0.75,0.25,0.5
0.5,0.75,0.25,0.5,0.5,0.75,0.25,0.5,0.5,0.75,0.25,0.5,0.5,0.75,0.25,0.5,0.5,0.75,0.25,0.5,0.5,0.75,0.25,0.5,0.5,0.75,0.25,0.5,0.5,0.75,0.25,0.5
0.5,0.75,0.25,0.5,0.5,0.75,0.25,0.5,0.5,0.75,0.25,0.5,0.5,0.75,0.25,0.5,0.5,0.75,0.25,0.5,0.5,0.75,0.25,0.5,0.5,0.75,0.25,0.5,0.5,0.75,0.25,0.5
0.5,0.75,0.25,0.5,0.5,0.75,0.25,0.5,0.5,0.75,0.25,0.5,0.5,0.75,0.25,0.5,0.5,0.75,0.25,0.5,0.5,0.75,0.25,0.5,0.5,0.75,0.25,0.5,0.5,0.75,0.25,0.5
0.5,0.75,0.25,0.5,0.5,0.75,0.25,0.5,0.5,0.75,0.25,0.5,0.5,0.75,0.25,0.5,0.5,0.75,0.25,3.0,0.3333,0.3333,0.3333,0.75,0.25,0.3333,0.3333,0.3333,0.3333,0.3333,0.3333,0.3333
0.5,0.75,0.25,3.0,0.3333,0.3333,0.3333,0.75,0.25,0.3333,0.3333,0.3333,0.3333,0.3333,0.3333,0.3333,0.3333,0.3333,3.0,0.3333,0.3333,0.3333,0.75,0.25,0.3333,0.3333,0.3333,0.3333,0.3333,0.3333,0.3333,0.3333
0.3333,0.3333,3.0,0.3333,0.3333,0.3333,0.75,0.25,0.3333,0.3333,0.3333,0.3333,0.3333,0.3333,0.3333,0.3333,0.3333,3.0,0.3333,0.3333,0.3333,2.0,0.3333,0.3333,0.3333,1.0,3.0,0.3333,0.3333,0.3333,2.0,0.3333
0.3333,3.0,0.3333,0.3333,0.3333,2.0,0.3333,0.3333,0.3333,1.0,3.0,0.3333,0.3333,0.3333,2.0,0.3333,0.3333,0.3333,1.0,2.0,0.3333,0.3333,0.3333,1.0,2.0,0.3333,0.3333,0.3333,1.0,3.0,1.0,0.3333
0.3333,0.3333,1.0,2.0,0.3333,0.3333,0.3333,1.0,2.0,0.3333,0.3333,0.3333,1.0,3.0,1.0,0.3333,0.3333,0.3333,1.0,0.3333,0.3333,0.3333,1.0,0.3333,0.3333,0.3333,1.0,0.3333,0.3333,0.3333,1.0,1.0
0.3333,0.3333,1.0,0.3333,0.3333,0.3333,1.0,0.3333,0.3333,0.3333,1.0,0.3333,0.3333,0.3333,1.0,1.0,-1.0,2.0,1.0,1.0,1.0,1.0,0.3333,0.3333,0.3333,1.0,0.3333,0.3333,0.3333,1.0,0.3333,0.3333
-1.0,2.0,1.0,1.0,1.0,1.0,0.3333,0.3333,0.3333,1.0,0.3333,0.3333,0.3333,1.0,0.3333,0.3333,0.3333,1.0,0.3333,0.3333,0.3333,1.0,1.0,1.0,0.5,0.5,0.5,0.5,1.0,-1.0,-2.0,1.0
0.3333,1.0,0.3333,0.3333,0.3333,1.0,1.0,1.0,0.5,0.5,0.5,0.5,1.0,-1.0,-2.0,1.0,-1.0,-2.0,1.0,-1.0,-1.0,-0.5,0.5,0.5,0.5,0.75,0.25,1.5,0.5,0.5,0.5,0.75
-1.0,-2.0,1.0,-1.0,-1.0,-0.5,0.5,0.5,0.5,0.75,0.25,1.5,0.5,0.5,0.5,0.75,0.25,2.0,1.0,1.0,1.0,1.0,0.5,0.5,0.5,0.5,1.5,0.25,0.25,0.3333,0.3333,0.3333
0.25,2.0,1.0,1.0,1.0,1.0,0.5,0.5,0.5,0.5,1.5,0.25,0.25,0.3333,0.3333,0.3333,0.3333,0.3333,0.3333,0.3333,0.3333,0.3333,0.75,0.25,0.5,0.5,0.75,0.25,1.5,0.5,0.5,0.5
0.3333,0.3333,0.3333,0.3333,0.3333,0.3333,0.75,0.25,0.5,0.5,0.75,0.25,1.5,0.5,0.5,0.5,0.75,0.25,1.5,0.5,1.0,1.0,1.0,1.0,0.5,0.5,0.5,0.5,1.5,0.25,0.25,2.0
0.75,0.25,1.5,0.5,1.0,1.0,1.0,1.0,0.5,0.5,0.5,0.5,1.5,0.25,0.25,2.0,0.3333,0.3333,0.3333,0.3333,0.3333,0.3333,0.3333,0.3333,0.3333,0.3333,0.3333,0.3333,0.3333,0.3333,0.3333,0.3333
0.3333,0.3333,0.3333,0.3333,0.3333,0.3333,0.3333,0.3333,0.3333,0.3333,0.3333,0.3333,0.3333,0.3333,0.3333,0.3333,0.3333,0.3333,0.3333,0.3333,0.3333,0.3333,0.3333,0.3333,0.3333,0.3333,0.3333,0.3333,0.3333,0.3333,0.3333,0.3333
0.3333,0.3333,0.3333,0.3333,0.3333,0.3333,0.3333,0.3333,0.3333,0.3333,0.3333,0.3333,0.3333,0.3333,0.3333,0.3333,0.3333,0.3333,0.3333,0.3333,0.3333,0.3333,0.3333,0.3333,0.3333,0.3333,0.3333,0.3333,0.3333,0.3333,0.3333,0.3333
0.3333,0.3333,0.3333,0.3333,0.3333,0.3333,0.3333,0.3333,0.3333,0.3333,0.3333,0.3333,0.3333,0.3333,0.3333,0.3333,0.3333,0.3333,0.3333,0.3333,0.3333,0.3333,2.0,0.3333,0.3333,0.3333,0.3333,0.3333,0.3333,0.3333,0.3333,0.3333
0.3333,0.3333,0.3333,0.3333,0.3333,0.3333,2.0,0.3333,0.3333,0.3333,0.3333,0.3333,0.3333,0.3333,0.3333,0.3333,0.3333,0.3333,0.3333,0.3333,0.3333,0.3333,0.3333,0.3333,0.3333,0.3333,0.3333,0.3333,0.3333,0.3333,0.3333,0.3333
0.3333,0.3333,0.3333,0.3333,0.3333,0.3333,0.3333,0.3333,0.3333,0.3333,0.3333,0.3333,0.3333,0.3333,0.3333,0.3333,0.3333,0.3333,0.3333,0.3333,0.3333,0.3333,0.3333,0.3333,0.3333,0.3333,0.3333,0.3333,0.3333,0.3333,0.3333,0.3333
0.3333,0.3333,0.3333,0.3333,0.3333,0.3333,0.3333,0.3333,0.3333,0.3333,0.3333,0.3333,0.3333,0.3333,0.3333,0.3333,0.3333,0.3333,0.3333,0.3333,0.3333,0.3333,0.3333,0.3333,0.3333,0.3333,0.3333,0.3333,0.3333,0.3333,0.3333,0.3333
0.3333,0.3333,0.3333,0.3333,0.3333,0.3333,0.3333,0.3333,0.3333,0.3333,0.3333,0.3333,0.3333,0.3333,0.3333,0.3333,0.3333,0.3333,0.3333,0.3333,0.3333,0.3333,0.3333,0.3333,0.3333,0.3333,0.3333,0.3333,0.3333,0.3333,0.3333,0.3333
0.3333,0.3333,0.3333,0.3333,0.3333,0.3333,0.3333,0.3333,0.3333,0.3333,0.3333,0.3333,0.3333,0.3333,0.3333,0.3333,0.3333,0.3333,0.3333,0.3333,0.3333,0.3333,0.3333,0.3333,0.3333,0.3333,0.3333,0.3333,0.3333,0.3333,0.3333,0.3333
0.3333,0.3333,0.3333,0.3333,0.3333,0.3333,0.3333,0.3333,0.3333,0.3333,0.3333,0.3333,0.3333,0.3333,0.3333,0.3333,0.3333,1.5,0.25,0.25,0.5,0.5,0.75,0.25,2.0,1.0,1.0,1.5,0.25,0.25,0.5,0.5
0.3333,1.5,0.25,0.25,0.5,0.5,0.75,0.25,2.0,1.0,1.0,1.5,0.25,0.25,0.5,0.5,0.75,0.25,2.0,1.0,1.0,2.0,1.0,1.0,2.0,1.0,1.0,0.25,0.25,0.25,0.25,0.25
0.75,0.25,2.0,1.0,1.0,2.0,1.0,1.0,2.0,1.0,1.0,0.25,0.25,0.25,0.25,0.25,0.25,0.25,0.25,2.0,0.25,0.25,0.25,0.25,0.25,0.25,0.25,0.25,0.25,0.25,0.25,0.25
0.25,0.25,0.25,2.0,0.25,0.25,0.25,0.25,0.25,0.25,0.25,0.25,0.25,0.25,0.25,0.25,0.25,0.25,0.25,0.25,1.0,2.0,1.0,0.25,0.25,0.25,0.25,0.25,0.25,0.25,0.25,0.25
0.25,0.25,0.25,0.25,1.0,2.0,1.0,0.25,0.25,0.25,0.25,0.25,0.25,0.25,0.25,0.25,0.25,0.25,0.25,0.25,0.25,0.25,0.25,1.0,-1.0,-2.0,-1.0,0.25,0.25,0.25,0.25,0.25
0.25,0.25,0.25,0.25,0.25,0.25,0.25,1.0,-1.0,-2.0,-1.0,0.25,0.25,0.25,0.25,0.25,0.25,0.25,0.25,0.25,0.25,0.25,0.25,0.25,0.25,0.25,0.25,1.0,-2.0,-1.0,0.25,0.25
0.25,0.25,0.25,0.25,0.25,0.25,0.25,0.25,0.25,0.25,0.25,1.0,-2.0,-1.0,0.25,0.25,0.25,0.25,0.25,0.25,0.25,0.25,0.25,0.25,0.25,0.25,1.0,-1.0,0.25,0.25,0.25,0.25
0.25,0.25,0.25,0.25,0.25,0.25,0.25,0.25,0.25,0.25,1.0,-1.0,0.25,0.25,0.25,0.25,1.0,-2.0,0.25,0.25,0.25,0.25,1.0,-4.0,-4.0,-4.0,0.3333,0.3333,0.3333,0.3333,0.3333,0.3333
1.0,-2.0,0.25,0.25,0.25,0.25,1.0,-4.0,-4.0,-4.0,0.3333,0.3333,0.3333,0.3333,0.3333,0.3333,0.3333,0.3333,0.3333,0.3333,0.3333,0.3333,0.3333,0.3333,0.3333,0.5,0.5,0.5,0.5,0.5,0.5,0.3333
0.3333,0.3333,0.3333,0.3333,0.3333,0.3333,0.3333,0.3333,0.3333,0.5,0.5,0.5,0.5,0.5,0.5,0.3333,0.3333,0.3333,0.5,0.5,0.5,0.5,0.5,0.5,0.5,0.5,0.5,0.5,0.3333,0.3333,0.3333,0.5
0.3333,0.3333,0.5,0.5,0.5,0.5,0.5,0.5,0.5,0.5,0.5,0.5,0.3333,0.3333,0.3333,0.5,0.5,0.3333,0.3333,0.3333,0.5,0.5,0.5,0.5,0.5,0.5,0.3333,0.3333,0.3333,0.5,0.5,0.5
0.5,0.3333,0.3333,0.3333,0.5,0.5,0.5,0.5,0.5,0.5,0.3333,0.3333,0.3333,0.5,0.5,0.5,0.5,0.5,0.5,0.3333,0.3333,0.3333,0.5,0.5,0.5,0.5,0.5,0.5,0.3333,0.3333,0.3333,0.3333
0.5,0.5,0.5,0.3333,0.3333,0.3333,0.5,0.5,0.5,0.5,0.5,0.5,0.3333,0.3333,0.3333,0.3333,0.3333,0.3333,0.3333,0.3333,0.3333,0.3333,0.3333,0.3333,0.3333,0.3333,0.3333,0.5,0.5,0.5,0.5,0.3333
0.3333,0.3333,0.3333,0.3333,0.3333,0.3333,0.3333,0.3333,0.3333,0.3333,0.3333,0.5,0.5,0.5,0.5,0.3333,0.3333,0.3333,0.3333,0.3333,0.3333,0.5,0.5,0.3333,0.3333,0.3333,0.5,0.5,0.25,0.25,0.25,0.25
0.3333,0.3333,0.3333,0.3333,0.3333,0.5,0.5,0.3333,0.3333,0.3333,0.5,0.5,0.25,0.25,0.25,0.25,0.25,0.25,0.25,0.25,0.25,0.25,0.25,0.25,0.25,0.25,0.25,0.25,0.25,0.25,0.25,0.25
0.25,0.25,0.25,0.25,0.25,0.25,0.25,0.25,0.25,0.25,0.25,0.25,0.25,0.25,0.25,0.25,0.25,0.25,0.25,0.25,0.25,0.25,0.25,0.25,0.25,0.25,0.25,0.25,1.0,-1.0,-1.0,-0.5
0.25,0.25,0.25,0.25,0.25,0.25,0.25,0.25,0.25,0.25,0.25,0.25,1.0,-1.0,-1.0,-0.5,-0.25,0.25,0.5,0.5,0.75,0.25,1.5,0.5,0.5,0.5,0.75,0.25,1.5,0.5,0.5,0.5
-0.25,0.25,0.5,0.5,0.75,0.25,1.5,0.5,0.5,0.5,0.75,0.25,1.5,0.5,0.5,0.5,0.75,0.25,2.0,1.0,1.0,1.0,1.0,2.0,2.0,1.0,-0.5,-0.25,0.25,0.5,0.5,0.75
0.75,0.25,2.0,1.0,1.0,1.0,1.0,2.0,2.0,1.0,-0.5,-0.25,0.25,0.5,0.5,0.75,0.25,1.5,0.5,0.5,0.5,0.75,0.25,1.5,0.5,0.5,0.5,0.75,0.25,1.5,0.5,0.5
0.25,1.5,0.5,0.5,0.5,0.75,0.25,1.5,0.5,0.5,0.5,0.75,0.25,1.5,0.5,0.5,0.5,0.75,0.25,2.0,2.0,2.0,2.0,2.0,2.0,1.0,2.0,1.0,1.0,0.75,0.25,0.5
0.5,0.75,0.25,2.0,2.0,2.0,2.0,2.0,2.0,1.0,2.0,1.0,1.0,0.75,0.25,0.5,0.5,0.75,0.25,0.5,0.5,0.75,0.25,0.5,0.5,0.75,0.25,0.5,0.5,0.75,0.25,0.5
0.5,0.75,0.25,0.5,0.5,0.75,0.25,0.5,0.5,0.75,0.25,0.5,0.5,0.75,0.25,0.5,0.5,0.5,0.5,0.75,0.25,0.5,0.5,0.5,0.5,0.75,0.25,1.0,1.0,1.0,1.0,2.0
0.5,0.5,0.5,0.75,0.25,0.5,0.5,0.5,0.5,0.75,0.25,1.0,1.0,1.0,1.0,2.0,2.0,1.0,-1.0,-1.0,0.75,0.25,2.0,-1.0,0.75,0.25,2.0,-1.0,0.75,0.25,2.0,-1.0
2.0,1.0,-1.0,-1.0,0.75,0.25,2.0,-1.0,0.75,0.25,2.0,-1.0,0.75,0.25,2.0,-1.0,0.75,0.25,0.75,0.25,0.75,0.25,0.75,0.25,0.75,0.25,1.0,-1.0,-2.0,-4.0,3.0,0.3333
0.75,0.25,0.75,0.25,0.75,0.25,0.75,0.25,0.75,0.25,1.0,-1.0,-2.0,-4.0,3.0,0.3333,0.3333,0.3333,3.0,0.3333,0.3333,0.3333,1.0,0.3333,0.3333,0.3333,1.0,0.3333,0.3333,0.3333,1.0,0.3333
0.3333,0.3333,3.0,0.3333,0.3333,0.3333,1.0,0.3333,0.3333,0.3333,1.0,0.3333,0.3333,0.3333,1.0,0.3333,0.3333,0.3333,1.0,0.3333,0.3333,0.3333,4.0,4.0,4.0,4.0,4.0,4.0,4.0,4.0,1.0,0.3333
0.3333,0.3333,1.0,0.3333,0.3333,0.3333,4.0,4.0,4.0,4.0,4.0,4.0,4.0,4.0,1.0,0.3333,0.3333,0.3333,2.0,1.0,0.3333,0.3333,0.3333,2.0,2.0,2.0,2.0,2.0,1.0,0.3333,0.3333,0.3333
0.3333,0.3333,2.0,1.0,0.3333,0.3333,0.3333,2.0,2.0,2.0,2.0,2.0,1.0,0.3333,0.3333,0.3333,1.0,1.0,1.0,0.3333,0.3333,0.3333,2.0,1.0,0.3333,0.3333,0.3333,2.0,2.0,1.5,0.5,2.0
1.0,1.0,1.0,0.3333,0.3333,0.3333,2.0,1.0,0.3333,0.3333,0.3333,2.0,2.0,1.5,0.5,2.0,1.5,0.5,1.0,1.0,1.0,1.0,1.0,0.3333,0.3333,0.3333,1.0,1.0,1.0,1.0,1.0,1.0
1.5,0.5,1.0,1.0,1.0,1.0,1.0,0.3333,0.3333,0.3333,1.0,1.0,1.0,1.0,1.0,1.0,1.0,0.3333,0.3333,0.3333,1.0,1.0,1.0,1.0,1.0,1.0,1.0,1.0,1.0,1.0,1.5,0.5
1.0,0.3333,0.3333,0.3333,1.0,1.0,1.0,1.0,1.0,1.0,1.0,1.0,1.0,1.0,1.5,0.5,1.5,0.5,1.5,0.5,1.5,0.5,1.5,0.5,1.5,0.5,1.5,0.5,1.5,0.5,1.5,0.5
1.5,0.5,1.5,0.5,1.5,0.5,1.5,0.5,1.5,0.5,1.5,0.5,1.5,0.5,1.5,0.5,1.5,0.5,1.5,0.5,1.5,0.5,1.5,0.5,1.5,0.5,1.5,0.5,1.5,0.5,1.5,0.5
1.5,0.5,1.5,0.5,1.5,0.5,1.5,0.5,1.5,0.5,1.5,0.5,1.5,0.5,1.5,0.5,1.5,0.5,1.5,0.5,1.5,0.5,1.5,0.5,1.5,0.5,1.5,0.5,1.5,0.5,1.0,-1.0
