1.0,B,1.5,0.5,0.5,0.5,B,0.5,0.5,0.5,0.5,0.5,0.5,B,1.0,1.0,1.0,B,1.0,-1.0,1.0,B,1.5,0.5,0.5,0.5,B,0.5,0.5,0.5,0.5,0.5
1.0,B,1.0,-1.0,1.0,B,1.5,0.5,0.5,0.5,B,0.5,0.5,0.5,0.5,0.5,0.5,B,1.0,1.0,1.0,B,1.0,-1.0,1.0,B,1.5,0.5,0.5,0.5,B,1.0
0.5,B,1.0,1.0,1.0,B,1.0,-1.0,1.0,B,1.5,0.5,0.5,0.5,B,1.0,-1.0,1.0,B,1.5,0.5,0.5,0.5,B,1.0,-1.0,1.0,B,1.5,0.5,0.5,0.5
-1.0,1.0,B,1.5,0.5,0.5,0.5,B,1.0,-1.0,1.0,B,1.5,0.5,0.5,0.5,B,0.5,0.5,0.5,0.5,0.5,0.5,B,2.0,0.5,0.5,B,1.0,-1.0,-1.0,B
B,0.5,0.5,0.5,0.5,0.5,0.5,B,2.0,0.5,0.5,B,1.0,-1.0,-1.0,B,-3.0,B,-3.0,B,-3.0,B,-3.0,B,-3.0,B,-1.0,-1.0,1.0,B,1.5,0.5
-3.0,B,-3.0,B,-3.0,B,-3.0,B,-3.0,B,-1.0,-1.0,1.0,B,1.5,0.5,0.5,0.5,B,0.5,0.5,0.5,0.5,0.5,0.5,B,2.0,1.0,B,1.5,0.5,1.0
0.5,0.5,B,0.5,0.5,0.5,0.5,0.5,0.5,B,2.0,1.0,B,1.5,0.5,1.0,B,1.0,1.0,1.0,B,1.5,0.5,1.0,B,1.5,0.5,0.5,0.5,B,1.5,0.5
B,1.0,1.0,1.0,B,1.5,0.5,1.0,B,1.5,0.5,0.5,0.5,B,1.5,0.5,0.5,0.5,B,1.5,0.5,0.5,0.5,B,0.5,0.5,0.5,0.5,0.5,0.5,B,-0.5
0.5,0.5,B,1.5,0.5,0.5,0.5,B,0.5,0.5,0.5,0.5,0.5,0.5,B,-0.5,0.5,0.5,0.5,0.5,0.5,B,-0.5,0.5,0.5,0.5,0.5,0.5,B,-0.5,0.5,0.5
0.5,0.5,0.5,0.5,0.5,B,-0.5,0.5,0.5,0.5,0.5,0.5,B,-0.5,0.5,0.5,0.5,0.5,0.5,B,1.0,-1.0,-1.0,B,2.0,1.0,B,1.0,-1.0,-1.0,B,0.3333
0.5,0.5,0.5,B,1.0,-1.0,-1.0,B,2.0,1.0,B,1.0,-1.0,-1.0,B,0.3333,0.3333,0.3333,0.3333,0.3333,0.3333,0.3333,0.3333,0.3333,B,1.0,1.0,-1.0,B,2.0,1.0,B
0.3333,0.3333,0.3333,0.3333,0.3333,0.3333,0.3333,0.3333,B,1.0,1.0,-1.0,B,2.0,1.0,B,1.0,-1.0,-1.0,B,0.3333,0.3333,0.3333,0.3333,0.3333,0.3333,0.3333,0.3333,0.3333,B,0.5,0.5
1.0,-1.0,-1.0,B,0.3333,0.3333,0.3333,0.3333,0.3333,0.3333,0.3333,0.3333,0.3333,B,0.5,0.5,0.5,0.5,0.5,0.5,B,1.0,-1.0,-1.0,B,2.0,1.0,B,2.0,1.0,B,0.3333
0.5,0.5,0.5,0.5,B,1.0,-1.0,-1.0,B,2.0,1.0,B,2.0,1.0,B,0.3333,0.3333,0.3333,0.3333,0.3333,0.3333,0.3333,0.3333,0.3333,B,2.0,1.0,B,1.0,2.0,B,0.5
0.3333,0.3333,0.3333,0.3333,0.3333,0.3333,0.3333,0.3333,B,2.0,1.0,B,1.0,2.0,B,0.5,0.5,2.0,B,0.5,0.5,2.0,B,0.5,0.5,2.0,B,0.5,0.5,0.5,0.5,0.5
0.5,2.0,B,0.5,0.5,2.0,B,0.5,0.5,2.0,B,0.5,0.5,0.5,0.5,0.5,0.5,B,0.5,0.5,0.5,0.5,0.5,0.5,B,0.5,0.5,0.5,0.5,0.5,0.5,B
0.5,B,0.5,0.5,0.5,0.5,0.5,0.5,B,0.5,0.5,0.5,0.5,0.5,0.5,B,0.5,0.5,0.5,0.5,0.5,0.5,B,0.5,0.5,0.5,0.5,0.5,0.5,B,0.5,0.5
0.5,0.5,0.5,0.5,0.5,0.5,B,0.5,0.5,0.5,0.5,0.5,0.5,B,0.5,0.5,0.5,0.5,0.5,0.5,B,0.5,0.5,0.5,0.5,0.5,0.5,B,0.5,0.5,0.5,0.5
0.5,0.5,0.5,0.5,B,0.5,0.5,0.5,0.5,0.5,0.5,B,0.5,0.5,0.5,0.5,0.5,0.5,B,0.5,0.5,0.5,0.5,0.5,0.5,B,0.5,0.5,0.5,0.5,0.5,0.5
0.5,0.5,B,0.5,0.5,0.5,0.5,0.5,0.5,B,0.5,0.5,0.5,0.5,0.5,0.5,B,0.5,0.5,0.5,0.5,0.5,0.5,B,0.5,0.5,0.5,0.5,0.5,0.5,B,-0.5
B,0.5,0.5,0.5,0.5,0.5,0.5,B,0.5,0.5,0.5,0.5,0.5,0.5,B,-0.5,0.5,0.5,0.5,0.5,0.5,B,-0.5,0.5,0.5,0.5,0.5,0.5,B,0.5,0.5,0.5
0.5,0.5,0.5,0.5,0.5,B,-0.5,0.5,0.5,0.5,0.5,0.5,B,0.5,0.5,0.5,0.5,0.5,0.5,B,1.5,0.5,0.5,0.5,B,0.5,0.5,0.5,0.5,0.5,0.5,B
0.5,0.5,0.5,B,1.5,0.5,0.5,0.5,B,0.5,0.5,0.5,0.5,0.5,0.5,B,1.0,-0.5,0.5,0.5,0.5,B,0.5,0.5,0.5,0.5,0.5,0.5,B,1.0,-1.0,-1.0
1.0,-0.5,0.5,0.5,0.5,B,0.5,0.5,0.5,0.5,0.5,0.5,B,1.0,-1.0,-1.0,B,-3.0,B,1.5,0.5,0.5,0.5,B,0.5,0.5,0.5,0.5,0.5,0.5,B,3.0
B,-3.0,B,1.5,0.5,0.5,0.5,B,0.5,0.5,0.5,0.5,0.5,0.5,B,3.0,B,3.0,B,0.5,0.5,0.5,0.5,0.5,0.5,B,0.5,0.5,0.5,0.5,0.5,0.5
B,3.0,B,0.5,0.5,0.5,0.5,0.5,0.5,B,0.5,0.5,0.5,0.5,0.5,0.5,B,-0.5,0.5,-0.5,0.5,-0.5,0.5,B,-0.5,0.5,-0.5,0.5,-0.5,0.5,B,1.0
B,-0.5,0.5,-0.5,0.5,-0.5,0.5,B,-0.5,0.5,-0.5,0.5,-0.5,0.5,B,1.0,-1.0,1.0,B,1.5,0.5,0.5,0.5,B,1.0,-1.0,1.0,B,1.0,1.0,1.0,B
-1.0,1.0,B,1.5,0.5,0.5,0.5,B,1.0,-1.0,1.0,B,1.0,1.0,1.0,B,1.0,-1.0,B,1.0,B,1.5,0.5,0.5,0.5,B,0.5,0.5,0.5,0.5,0.5,0.5
1.0,-1.0,B,1.0,B,1.5,0.5,0.5,0.5,B,0.5,0.5,0.5,0.5,0.5,0.5,B,1.0,1.0,1.0,B,1.0,1.0,1.0,B,1.0,1.0,1.0,B,2.0,-1.0,B
B,1.0,1.0,1.0,B,1.0,1.0,1.0,B,1.0,1.0,1.0,B,2.0,-1.0,B,1.0,1.0,1.0,B,1.0,-1.0,1.0,B,1.5,0.5,0.5,0.5,B,1.0,-1.0,1.0
1.0,1.0,1.0,B,1.0,-1.0,1.0,B,1.5,0.5,0.5,0.5,B,1.0,-1.0,1.0,B,1.0,1.0,1.0,B,1.0,-1.0,1.0,B,1.5,0.5,0.5,0.5,B,1.5,0.5
B,1.0,1.0,1.0,B,1.0,-1.0,1.0,B,1.5,0.5,0.5,0.5,B,1.5,0.5,0.5,0.5,B,1.5,0.5,0.5,0.5,B,1.5,0.5,0.5,0.5,B,0.5,0.5,0.5
0.5,0.5,B,1.5,0.5,0.5,0.5,B,1.5,0.5,0.5,0.5,B,0.5,0.5,0.5,0.5,0.5,0.5,B,0.5,0.5,0.5,0.5,0.5,0.5,B,1.0,-1.0,-1.0,B,-1.0
0.5,0.5,0.5,B,0.5,0.5,0.5,0.5,0.5,0.5,B,1.0,-1.0,-1.0,B,-1.0,-1.0,1.0,B,1.5,0.5,0.5,0.5,B,0.5,0.5,0.5,0.5,0.5,0.5,B,1.0
-1.0,1.0,B,1.5,0.5,0.5,0.5,B,0.5,0.5,0.5,0.5,0.5,0.5,B,1.0,1.0,1.0,B,2.0,1.0,B,1.5,0.5,0.5,0.5,B,0.5,0.5,0.5,0.5,0.5
1.0,1.0,B,2.0,1.0,B,1.5,0.5,0.5,0.5,B,0.5,0.5,0.5,0.5,0.5,0.5,B,1.0,1.0,1.0,B,2.0,1.0,B,2.0,1.0,B,2.0,1.0,B,1.5
0.5,B,1.0,1.0,1.0,B,2.0,1.0,B,2.0,1.0,B,2.0,1.0,B,1.5,0.5,0.5,0.5,B,0.5,0.5,0.5,0.5,0.5,0.5,B,1.5,0.5,0.5,0.5,B
0.5,0.5,0.5,B,0.5,0.5,0.5,0.5,0.5,0.5,B,1.5,0.5,0.5,0.5,B,0.5,0.5,0.5,0.5,0.5,0.5,B,1.0,-1.0,1.0,B,1.5,0.5,0.5,0.5,B
0.5,0.5,0.5,0.5,0.5,0.5,B,1.0,-1.0,1.0,B,1.5,0.5,0.5,0.5,B,1.0,-1.0,1.0,B,1.5,0.5,0.5,0.5,B,1.0,-1.0,1.0,B,1.5,0.5,0.5
1.0,-1.0,1.0,B,1.5,0.5,0.5,0.5,B,1.0,-1.0,1.0,B,1.5,0.5,0.5,0.5,B,2.0,1.0,B,1.5,0.5,0.5,0.5,B,1.0,-1.0,1.0,B,1.0,1.0
0.5,B,2.0,1.0,B,1.5,0.5,0.5,0.5,B,1.0,-1.0,1.0,B,1.0,1.0,1.0,B,1.0,-1.0,1.0,B,1.5,0.5,0.5,0.5,B,1.0,-1.0,1.0,B,1.5
1.0,B,1.0,-1.0,1.0,B,1.5,0.5,0.5,0.5,B,1.0,-1.0,1.0,B,1.5,0.5,0.5,0.5,B,1.0,-1.0,1.0,B,1.5,0.5,0.5,0.5,B,1.0,-1.0,1.0
0.5,0.5,0.5,B,1.0,-1.0,1.0,B,1.5,0.5,0.5,0.5,B,1.0,-1.0,1.0,B,1.0,2.0,B,1.0,2.0,B,1.0,2.0,B,1.0,2.0,B,1.0,1.0,-0.5
B,1.0,2.0,B,1.0,2.0,B,1.0,2.0,B,1.0,2.0,B,1.0,1.0,-0.5,0.5,B,0.5,0.5,1.5,0.5,B,0.5,0.5,1.5,0.5,B,0.5,0.5,1.5,0.5
0.5,B,0.5,0.5,1.5,0.5,B,0.5,0.5,1.5,0.5,B,0.5,0.5,1.5,0.5,B,0.5,0.5,0.5,0.5,0.5,0.5,B,0.5,0.5,0.5,0.5,0.5,0.5,B,0.5
B,0.5,0.5,0.5,0.5,0.5,0.5,B,0.5,0.5,0.5,0.5,0.5,0.5,B,0.5,0.5,0.5,0.5,0.5,0.5,B,1.0,-1.0,1.0,B,1.5,0.5,0.5,0.5,B,1.5
0.5,0.5,0.5,0.5,0.5,B,1.0,-1.0,1.0,B,1.5,0.5,0.5,0.5,B,1.5,0.5,0.5,0.5,B,0.5,0.5,0.5,0.5,0.5,0.5,B,1.0,1.0,1.0,B,1.0
0.5,0.5,0.5,B,0.5,0.5,0.5,0.5,0.5,0.5,B,1.0,1.0,1.0,B,1.0,2.0,B,1.0,2.0,B,1.0,1.0,1.0,B,0.5,0.5,0.5,0.5,0.5,0.5,B
2.0,B,1.0,2.0,B,1.0,1.0,1.0,B,0.5,0.5,0.5,0.5,0.5,0.5,B,0.5,0.5,0.5,0.5,0.5,0.5,B,1.0,-1.0,-1.0,B,-1.0,-1.0,1.0,B,1.5
0.5,0.5,0.5,0.5,0.5,0.5,B,1.0,-1.0,-1.0,B,-1.0,-1.0,1.0,B,1.5,0.5,0.5,0.5,B,0.5,0.5,0.5,0.5,0.5,0.5,B,1.0,1.0,1.0,B,1.0
0.5,0.5,0.5,B,0.5,0.5,0.5,0.5,0.5,0.5,B,1.0,1.0,1.0,B,1.0,-1.0,1.0,B,1.5,0.5,0.5,0.5,B,0.5,0.5,0.5,0.5,0.5,0.5,B,1.0
-1.0,1.0,B,1.5,0.5,0.5,0.5,B,0.5,0.5,0.5,0.5,0.5,0.5,B,1.0,1.0,1.0,B,1.0,-1.0,1.0,B,1.5,0.5,0.5,0.5,B,1.0,-1.0,1.0,B
1.0,1.0,B,1.0,-1.0,1.0,B,1.5,0.5,0.5,0.5,B,1.0,-1.0,1.0,B,1.5,0.5,0.5,0.5,B,1.0,-1.0,1.0,B,1.5,0.5,0.5,0.5,B,0.5,0.5
1.5,0.5,0.5,0.5,B,1.0,-1.0,1.0,B,1.5,0.5,0.5,0.5,B,0.5,0.5,0.5,0.5,0.5,0.5,B,2.0,0.5,0.5,B,1.0,-1.0,-1.0,B,-3.0,B,-3.0
0.5,0.5,0.5,0.5,B,2.0,0.5,0.5,B,1.0,-1.0,-1.0,B,-3.0,B,-3.0,B,-3.0,B,-3.0,B,-3.0,B,-1.0,-1.0,1.0,B,1.5,0.5,0.5,0.5,B
B,-3.0,B,-3.0,B,-3.0,B,-1.0,-1.0,1.0,B,1.5,0.5,0.5,0.5,B,0.5,0.5,0.5,0.5,0.5,0.5,B,2.0,1.0,B,1.5,0.5,1.0,B,1.0,1.0
0.5,0.5,0.5,0.5,0.5,0.5,B,2.0,1.0,B,1.5,0.5,1.0,B,1.0,1.0,1.0,B,1.5,0.5,1.0,B,1.5,0.5,0.5,0.5,B,1.5,0.5,0.5,0.5,B
1.0,B,1.5,0.5,1.0,B,1.5,0.5,0.5,0.5,B,1.5,0.5,0.5,0.5,B,1.5,0.5,0.5,0.5,B,0.5,0.5,0.5,0.5,0.5,0.5,B,-0.5,0.5,0.5,0.5
1.5,0.5,0.5,0.5,B,0.5,0.5,0.5,0.5,0.5,0.5,B,-0.5,0.5,0.5,0.5,0.5,0.5,B,-0.5,0.5,0.5,0.5,0.5,0.5,B,-0.5,0.5,0.5,0.5,0.5,0.5
0.5,0.5,B,-0.5,0.5,0.5,0.5,0.5,0.5,B,-0.5,0.5,0.5,0.5,0.5,0.5,B,1.0,-1.0,-1.0,B,2.0,1.0,B,1.0,-1.0,-1.0,B,0.3333,0.3333,0.3333,0.3333
B,1.0,-1.0,-1.0,B,2.0,1.0,B,1.0,-1.0,-1.0,B,0.3333,0.3333,0.3333,0.3333,0.3333,0.3333,0.3333,0.3333,0.3333,B,1.0,1.0,-1.0,B,2.0,1.0,B,1.0,-1.0,-1.0
0.3333,0.3333,0.3333,0.3333,0.3333,B,1.0,1.0,-1.0,B,2.0,1.0,B,1.0,-1.0,-1.0,B,0.3333,0.3333,0.3333,0.3333,0.3333,0.3333,0.3333,0.3333,0.3333,B,0.5,0.5,0.5,0.5,0.5
B,0.3333,0.3333,0.3333,0.3333,0.3333,0.3333,0.3333,0.3333,0.3333,B,0.5,0.5,0.5,0.5,0.5,0.5,B,1.0,-1.0,-1.0,B,2.0,1.0,B,2.0,1.0,B,0.3333,0.3333,0.3333,0.3333
0.5,B,1.0,-1.0,-1.0,B,2.0,1.0,B,2.0,1.0,B,0.3333,0.3333,0.3333,0.3333,0.3333,0.3333,0.3333,0.3333,0.3333,B,2.0,1.0,B,1.0,2.0,B,0.5,0.5,2.0,B
0.3333,0.3333,0.3333,0.3333,0.3333,B,2.0,1.0,B,1.0,2.0,B,0.5,0.5,2.0,B,0.5,0.5,2.0,B,0.5,0.5,2.0,B,0.5,0.5,0.5,0.5,0.5,0.5,B,0.5
0.5,0.5,2.0,B,0.5,0.5,2.0,B,0.5,0.5,0.5,0.5,0.5,0.5,B,0.5,0.5,0.5,0.5,0.5,0.5,B,0.5,0.5,0.5,0.5,0.5,0.5,B,0.5,0.5,0.5
0.5,0.5,0.5,0.5,0.5,B,0.5,0.5,0.5,0.5,0.5,0.5,B,0.5,0.5,0.5,0.5,0.5,0.5,B,0.5,0.5,0.5,0.5,0.5,0.5,B,0.5,0.5,0.5,0.5,0.5
0.5,0.5,0.5,B,0.5,0.5,0.5,0.5,0.5,0.5,B,0.5,0.5,0.5,0.5,0.5,0.5,B,0.5,0.5,0.5,0.5,0.5,0.5,B,0.5,0.5,0.5,0.5,0.5,0.5,B
0.5,B,0.5,0.5,0.5,0.5,0.5,0.5,B,0.5,0.5,0.5,0.5,0.5,0.5,B,0.5,0.5,0.5,0.5,0.5,0.5,B,0.5,0.5,0.5,0.5,0.5,0.5,B,0.5,0.5
0.5,0.5,0.5,0.5,0.5,0.5,B,0.5,0.5,0.5,0.5,0.5,0.5,B,0.5,0.5,0.5,0.5,0.5,0.5,B,0.5,0.5,0.5,0.5,0.5,0.5,B,-0.5,0.5,0.5,0.5
0.5,0.5,0.5,0.5,B,0.5,0.5,0.5,0.5,0.5,0.5,B,-0.5,0.5,0.5,0.5,0.5,0.5,B,-0.5,0.5,0.5,0.5,0.5,0.5,B,0.5,0.5,0.5,0.5,0.5,0.5
0.5,0.5,B,-0.5,0.5,0.5,0.5,0.5,0.5,B,0.5,0.5,0.5,0.5,0.5,0.5,B,1.5,0.5,0.5,0.5,B,0.5,0.5,0.5,0.5,0.5,0.5,B,1.0,-0.5,0.5
B,1.5,0.5,0.5,0.5,B,0.5,0.5,0.5,0.5,0.5,0.5,B,1.0,-0.5,0.5,0.5,0.5,B,0.5,0.5,0.5,0.5,0.5,0.5,B,1.0,-1.0,-1.0,B,-3.0,B
0.5,0.5,B,0.5,0.5,0.5,0.5,0.5,0.5,B,1.0,-1.0,-1.0,B,-3.0,B,1.5,0.5,0.5,0.5,B,0.5,0.5,0.5,0.5,0.5,0.5,B,3.0,B,2.0,1.0
1.5,0.5,0.5,0.5,B,0.5,0.5,0.5,0.5,0.5,0.5,B,3.0,B,2.0,1.0,B,1.5,0.5,0.5,0.5,B,0.5,0.5,0.5,0.5,0.5,0.5,B,3.0,B,3.0
B,1.5,0.5,0.5,0.5,B,0.5,0.5,0.5,0.5,0.5,0.5,B,3.0,B,3.0,B,0.5,0.5,0.5,0.5,0.5,0.5,B,0.5,0.5,0.5,0.5,0.5,0.5,B,1.0
B,0.5,0.5,0.5,0.5,0.5,0.5,B,0.5,0.5,0.5,0.5,0.5,0.5,B,1.0,1.0,-1.0,B,1.0,1.0,-1.0,B,1.0,1.0,-1.0,B,1.0,1.0,-1.0,B,3.0
1.0,-1.0,B,1.0,1.0,-1.0,B,1.0,1.0,-1.0,B,1.0,1.0,-1.0,B,3.0,B,3.0,B,1.0,2.0,B,1.0,1.0,1.0,B,1.5,0.5,0.5,0.5,B,0.5
B,3.0,B,1.0,2.0,B,1.0,1.0,1.0,B,1.5,0.5,0.5,0.5,B,0.5,0.5,0.5,0.5,0.5,0.5,B,3.0,B,2.0,0.5,0.5,B,0.5,0.5,0.5,0.5
0.5,0.5,0.5,0.5,0.5,B,3.0,B,2.0,0.5,0.5,B,0.5,0.5,0.5,0.5,0.5,0.5,B,0.5,0.5,0.5,0.5,0.5,0.5,B,-0.5,0.5,-0.5,0.5,-0.5,0.5
0.5,0.5,B,0.5,0.5,0.5,0.5,0.5,0.5,B,-0.5,0.5,-0.5,0.5,-0.5,0.5,B,-0.5,0.5,-0.5,0.5,-0.5,0.5,B,1.0,-1.0,1.0,B,1.5,0.5,0.5,0.5
B,-0.5,0.5,-0.5,0.5,-0.5,0.5,B,1.0,-1.0,1.0,B,1.5,0.5,0.5,0.5,B,1.0,-1.0,1.0,B,1.0,1.0,1.0,B,1.0,-1.0,1.0,B,1.5,0.5,0.5
B,1.0,-1.0,1.0,B,1.0,1.0,1.0,B,1.0,-1.0,1.0,B,1.5,0.5,0.5,0.5,B,0.5,0.5,0.5,0.5,0.5,0.5,B,0.5,0.5,0.5,0.5,0.5,0.5,B
0.5,B,0.5,0.5,0.5,0.5,0.5,0.5,B,0.5,0.5,0.5,0.5,0.5,0.5,B,1.0,-1.0,-1.0,B,2.0,1.0,B,1.0,1.0,-1.0,B,2.0,1.0,B,1.0,1.0
1.0,-1.0,-1.0,B,2.0,1.0,B,1.0,1.0,-1.0,B,2.0,1.0,B,1.0,1.0,-1.0,B,1.0,1.0,1.0,B,1.0,0.75,0.25,1.0,B,1.0,1.0,1.0,B,1.0
-1.0,B,1.0,1.0,1.0,B,1.0,0.75,0.25,1.0,B,1.0,1.0,1.0,B,1.0,0.75,0.25,1.0,B,2.0,1.0,B,1.0,1.0,-1.0,B,2.0,1.0,B,1.0,1.0
0.75,0.25,1.0,B,2.0,1.0,B,1.0,1.0,-1.0,B,2.0,1.0,B,1.0,1.0,-1.0,B,2.0,1.0,B,1.0,1.0,-1.0,B,-3.0,B,-3.0,B,1.0,1.0,1.0
-1.0,B,2.0,1.0,B,1.0,1.0,-1.0,B,-3.0,B,-3.0,B,1.0,1.0,1.0,B,1.0,0.75,0.25,1.0,B,1.0,1.0,1.0,B,1.0,0.75,0.25,1.0,B,1.0
B,1.0,0.75,0.25,1.0,B,1.0,1.0,1.0,B,1.0,0.75,0.25,1.0,B,1.0,1.0,1.0,B,0.5,0.5,1.5,0.5,B,0.5,0.5,1.0,1.0,B,0.5,0.5,0.5
1.0,1.0,B,0.5,0.5,1.5,0.5,B,0.5,0.5,1.0,1.0,B,0.5,0.5,0.5,0.5,0.5,0.5,B,1.0,1.0,1.0,B,1.0,0.75,0.25,1.0,B,1.5,0.5,0.5
0.5,0.5,0.5,B,1.0,1.0,1.0,B,1.0,0.75,0.25,1.0,B,1.5,0.5,0.5,0.5,B,1.0,-1.0,-1.0,B,1.0,1.0,1.0,B,1.0,0.75,0.25,1.0,B,1.0
0.5,B,1.0,-1.0,-1.0,B,1.0,1.0,1.0,B,1.0,0.75,0.25,1.0,B,1.0,1.0,1.0,B,1.0,0.75,0.25,1.0,B,-3.0,B,-3.0,B,3.0,B,-3.0,B
1.0,1.0,B,1.0,0.75,0.25,1.0,B,-3.0,B,-3.0,B,3.0,B,-3.0,B,3.0,B,1.0,1.0,1.0,B,1.0,0.75,0.25,1.0,B,1.0,1.0,1.0,B,1.0
3.0,B,1.0,1.0,1.0,B,1.0,0.75,0.25,1.0,B,1.0,1.0,1.0,B,1.0,0.75,0.25,1.0,B,1.0,1.0,1.0,B,1.0,-1.0,-1.0,B,1.0,1.0,1.0,B
0.75,0.25,1.0,B,1.0,1.0,1.0,B,1.0,-1.0,-1.0,B,1.0,1.0,1.0,B,2.0,1.0,B,1.0,1.0,-1.0,B,1.0,1.0,1.0,B,1.0,1.0,-1.0,B,1.0
2.0,1.0,B,1.0,1.0,-1.0,B,1.0,1.0,1.0,B,1.0,1.0,-1.0,B,1.0,1.0,1.0,B,1.0,0.75,0.25,1.0,B,1.0,1.0,1.0,B,1.5,0.25,0.25,1.0
1.0,1.0,B,1.0,0.75,0.25,1.0,B,1.0,1.0,1.0,B,1.5,0.25,0.25,1.0,B,0.5,0.5,0.5,0.5,0.5,0.5,B,1.0,-1.0,-1.0,B,2.0,1.0,B,1.0
B,0.5,0.5,0.5,0.5,0.5,0.5,B,1.0,-1.0,-1.0,B,2.0,1.0,B,1.0,1.0,-1.0,B,2.0,1.0,B,1.0,1.0,-1.0,B,1.0,1.0,1.0,B,1.0,0.75
1.0,-1.0,B,2.0,1.0,B,1.0,1.0,-1.0,B,1.0,1.0,1.0,B,1.0,0.75,0.25,1.0,B,1.0,1.0,1.0,B,1.0,0.75,0.25,1.0,B,1.0,1.0,1.0,B
0.25,1.0,B,1.0,1.0,1.0,B,1.0,0.75,0.25,1.0,B,1.0,1.0,1.0,B,1.0,-1.0,-1.0,B,1.0,1.0,1.0,B,1.0,0.75,0.25,1.0,B,2.0,1.0,B
1.0,-1.0,-1.0,B,1.0,1.0,1.0,B,1.0,0.75,0.25,1.0,B,2.0,1.0,B,0.5,0.5,0.5,0.5,0.5,0.5,B,1.0,1.0,1.0,B,1.0,0.75,0.25,1.0,B
0.5,0.5,0.5,0.5,0.5,0.5,B,1.0,1.0,1.0,B,1.0,0.75,0.25,1.0,B,1.5,0.5,0.5,0.5,B,1.0,-1.0,-1.0,B,3.0,B,1.0,1.0,1.0,B,0.5
1.5,0.5,0.5,0.5,B,1.0,-1.0,-1.0,B,3.0,B,1.0,1.0,1.0,B,0.5,0.5,2.0,B,0.5,0.5,0.5,0.5,0.5,0.5,B,3.0,B,0.5,0.125,0.125,0.125
0.5,2.0,B,0.5,0.5,0.5,0.5,0.5,0.5,B,3.0,B,0.5,0.125,0.125,0.125,0.125,1.0,1.0,B,1.5,0.5,0.5,0.5,B,1.0,-1.0,-1.0,B,0.3333,0.3333,0.3333
0.125,1.0,1.0,B,1.5,0.5,0.5,0.5,B,1.0,-1.0,-1.0,B,0.3333,0.3333,0.3333,0.3333,0.3333,0.3333,0.3333,0.3333,0.3333,B,0.3333,0.3333,0.3333,0.3333,0.3333,0.3333,0.3333,0.3333,0.3333
0.3333,0.3333,0.3333,0.3333,0.3333,0.3333,B,0.3333,0.3333,0.3333,0.3333,0.3333,0.3333,0.3333,0.3333,0.3333,B,0.3333,0.3333,0.3333,0.3333,0.3333,0.3333,0.3333,0.3333,0.3333,B,0.3333,0.3333,0.3333,0.3333,0.3333
B,0.3333,0.3333,0.3333,0.3333,0.3333,0.3333,0.3333,0.3333,0.3333,B,0.3333,0.3333,0.3333,0.3333,0.3333,0.3333,0.3333,0.3333,0.3333,B,0.3333,0.3333,0.3333,0.3333,0.3333,0.3333,0.3333,0.3333,0.3333,B,0.3333
0.3333,0.3333,0.3333,0.3333,B,0.3333,0.3333,0.3333,0.3333,0.3333,0.3333,0.3333,0.3333,0.3333,B,0.3333,0.3333,0.3333,0.3333,0.3333,0.3333,0.3333,0.3333,0.3333,B,0.3333,0.3333,0.3333,1.0,0.5,0.5,B
0.3333,0.3333,0.3333,0.3333,0.3333,0.3333,0.3333,0.3333,B,0.3333,0.3333,0.3333,1.0,0.5,0.5,B,3.0,B,0.5,0.5,-1.0,0.5,0.5,B,0.5,0.5,-1.0,0.5,0.5,B,0.5,0.5
3.0,B,0.5,0.5,-1.0,0.5,0.5,B,0.5,0.5,-1.0,0.5,0.5,B,0.5,0.5,0.5,0.5,0.5,0.5,B,1.0,1.0,-1.0,B,3.0,B,3.0,B,1.0,1.0,1.0
0.5,0.5,0.5,0.5,B,1.0,1.0,-1.0,B,3.0,B,3.0,B,1.0,1.0,1.0,B,1.0,0.5,0.5,0.5,0.5,B,3.0,B,0.5,0.125,0.125,0.125,0.125,1.0,1.0
B,1.0,0.5,0.5,0.5,0.5,B,3.0,B,0.5,0.125,0.125,0.125,0.125,1.0,1.0,B,0.5,0.5,2.0,B,0.5,0.5,0.5,0.5,0.5,0.5,B,0.3333,0.3333,0.3333,2.0
B,0.5,0.5,2.0,B,0.5,0.5,0.5,0.5,0.5,0.5,B,0.3333,0.3333,0.3333,2.0,B,0.5,0.125,0.125,0.125,0.125,1.0,1.0,B,0.5,0.5,0.5,0.5,0.5,0.5,B
B,0.5,0.125,0.125,0.125,0.125,1.0,1.0,B,0.5,0.5,0.5,0.5,0.5,0.5,B,1.0,-1.0,-1.0,B,0.375,0.125,0.375,0.125,B,0.5,1.0,0.5,B,0.5,0.5,0.25
1.0,-1.0,-1.0,B,0.375,0.125,0.375,0.125,B,0.5,1.0,0.5,B,0.5,0.5,0.25,0.25,0.25,0.25,B,0.5,0.5,0.5,0.5,B,0.5,0.5,0.5,0.5,B,0.5,0.5
0.25,0.25,0.25,B,0.5,0.5,0.5,0.5,B,0.5,0.5,0.5,0.5,B,0.5,0.5,0.5,0.5,B,0.5,0.5,1.0,B,0.25,0.25,0.25,0.125,0.125,0.75,0.125,0.125,B
0.5,0.5,B,0.5,0.5,1.0,B,0.25,0.25,0.25,0.125,0.125,0.75,0.125,0.125,B,0.5,-0.5,B,0.25,0.25,0.25,0.25,B,1.5,0.5,B,0.5,0.5,0.25,0.5,0.25
0.5,-0.5,B,0.25,0.25,0.25,0.25,B,1.5,0.5,B,0.5,0.5,0.25,0.5,0.25,B,0.25,0.5,0.25,0.25,0.5,0.25,B,0.5,0.5,0.5,0.5,B,0.5,0.5,0.5
B,0.25,0.5,0.25,0.25,0.5,0.25,B,0.5,0.5,0.5,0.5,B,0.5,0.5,0.5,0.5,B,0.5,0.5,1.0,B,0.25,0.25,0.25,0.125,0.125,0.5,0.5,B,0.5,0.5
0.5,B,0.5,0.5,1.0,B,0.25,0.25,0.25,0.125,0.125,0.5,0.5,B,0.5,0.5,0.5,0.5,B,0.1667,0.1667,0.1667,0.1667,0.1667,0.1667,0.75,0.125,0.125,B,0.5,-0.5,B
0.5,0.5,B,0.1667,0.1667,0.1667,0.1667,0.1667,0.1667,0.75,0.125,0.125,B,0.5,-0.5,B,0.125,0.125,0.125,0.125,0.125,0.125,0.125,0.125,B,0.125,0.125,0.125,0.125,0.5,0.125,0.125
0.125,0.125,0.125,0.125,0.125,0.125,0.125,0.125,B,0.125,0.125,0.125,0.125,0.5,0.125,0.125,0.125,0.125,0.125,0.125,0.125,0.125,B,0.5,0.25,-0.25,0.125,0.125,0.125,0.125,0.125,0.125
0.125,0.125,0.125,0.125,0.125,0.125,B,0.5,0.25,-0.25,0.125,0.125,0.125,0.125,0.125,0.125,0.125,0.125,B,0.125,0.125,0.125,0.125,0.5,0.125,0.125,0.125,0.125,0.125,0.125,0.125,0.125
0.125,0.125,B,0.125,0.125,0.125,0.125,0.5,0.125,0.125,0.125,0.125,0.125,0.125,0.125,0.125,B,0.5,0.25,-0.25,-0.25,0.5,0.25,B,0.25,0.5,0.25,-0.125,0.125,0.125,0.125,-0.125
B,0.5,0.25,-0.25,-0.25,0.5,0.25,B,0.25,0.5,0.25,-0.125,0.125,0.125,0.125,-0.125,0.125,0.125,0.125,B,-0.125,0.125,0.125,0.125,-0.125,0.125,0.125,0.125,0.125,0.125,0.125,0.125
0.125,0.125,0.125,B,-0.125,0.125,0.125,0.125,-0.125,0.125,0.125,0.125,0.125,0.125,0.125,0.125,0.125,0.125,0.125,0.125,B,0.125,0.125,0.125,0.125,0.125,0.125,0.125,0.125,0.125,0.125,0.125
0.125,0.125,0.125,0.125,B,0.125,0.125,0.125,0.125,0.125,0.125,0.125,0.125,0.125,0.125,0.125,0.125,0.125,0.125,0.125,0.125,B,0.5,-0.5,B,0.125,0.125,0.125,0.125,0.125,0.125,0.125
0.125,0.125,0.125,0.125,0.125,B,0.5,-0.5,B,0.125,0.125,0.125,0.125,0.125,0.125,0.125,0.125,B,0.125,0.125,0.125,0.125,0.5,0.125,0.125,0.125,0.125,0.125,0.125,0.125,0.125,B
0.125,B,0.125,0.125,0.125,0.125,0.5,0.125,0.125,0.125,0.125,0.125,0.125,0.125,0.125,B,0.5,0.25,-0.25,0.125,0.125,0.125,0.125,0.125,0.125,0.125,0.125,B,0.125,0.125,0.125,0.125
0.5,0.25,-0.25,0.125,0.125,0.125,0.125,0.125,0.125,0.125,0.125,B,0.125,0.125,0.125,0.125,0.125,0.125,0.125,0.125,0.125,0.125,0.125,0.125,0.125,0.125,0.125,0.125,B,0.5,0.25,-0.25
0.125,0.125,0.125,0.125,0.125,0.125,0.125,0.125,0.125,0.125,0.125,0.125,B,0.5,0.25,-0.25,-0.25,0.5,0.25,B,0.25,0.5,0.25,-0.125,0.125,0.125,0.125,-0.125,0.125,0.125,0.125,B
-0.25,0.5,0.25,B,0.25,0.5,0.25,-0.125,0.125,0.125,0.125,-0.125,0.125,0.125,0.125,B,-0.125,0.125,0.125,0.125,-0.125,0.125,0.125,0.125,0.125,0.125,0.125,0.125,0.125,0.125,0.125,0.125
-0.125,0.125,0.125,0.125,-0.125,0.125,0.125,0.125,0.125,0.125,0.125,0.125,0.125,0.125,0.125,0.125,B,0.125,0.125,0.125,0.125,0.125,0.125,0.125,0.125,0.125,0.125,0.125,0.125,0.125,0.125,0.125
B,0.125,0.125,0.125,0.125,0.125,0.125,0.125,0.125,0.125,0.125,0.125,0.125,0.125,0.125,0.125,0.125,B,0.5,0.25,-0.25,0.125,0.125,0.125,0.125,0.125,0.125,0.125,0.125,B,0.125,0.125
0.125,B,0.5,0.25,-0.25,0.125,0.125,0.125,0.125,0.125,0.125,0.125,0.125,B,0.125,0.125,0.125,0.125,0.125,0.125,0.125,0.125,0.125,0.125,0.125,0.125,0.125,0.125,0.125,0.125,B,0.5
0.125,0.125,0.125,0.125,0.125,0.125,0.125,0.125,0.125,0.125,0.125,0.125,0.125,0.125,B,0.5,-0.5,B,0.5,0.5,B,0.5,1.0,0.5,B,0.1667,0.1667,0.1667,0.5,0.5,0.5,B
-0.5,B,0.5,0.5,B,0.5,1.0,0.5,B,0.1667,0.1667,0.1667,0.5,0.5,0.5,B,0.5,1.0,0.5,B,0.1667,0.1667,0.1667,0.5,0.25,0.25,0.25,0.25,B,0.75,0.0625,0.0625
0.5,1.0,0.5,B,0.1667,0.1667,0.1667,0.5,0.25,0.25,0.25,0.25,B,0.75,0.0625,0.0625,0.0625,0.0625,0.25,0.25,0.25,0.25,B,0.75,0.0625,0.0625,0.0625,0.0625,0.375,0.125,0.375,0.125
0.0625,0.0625,0.25,0.25,0.25,0.25,B,0.75,0.0625,0.0625,0.0625,0.0625,0.375,0.125,0.375,0.125,B,0.375,0.125,0.375,0.125,0.5,0.5,B,0.5,-0.5,B,0.5,-0.5,B,0.5,0.5
B,0.375,0.125,0.375,0.125,0.5,0.5,B,0.5,-0.5,B,0.5,-0.5,B,0.5,0.5,B,0.5,1.0,0.5,B,0.1667,0.1667,0.1667,0.5,0.25,0.5,0.25,B,0.25,0.5,0.25
B,0.5,1.0,0.5,B,0.1667,0.1667,0.1667,0.5,0.25,0.5,0.25,B,0.25,0.5,0.25,0.25,0.5,0.25,B,0.5,0.5,0.25,0.25,0.25,0.25,B,0.75,0.0625,0.0625,0.0625,0.0625
0.25,0.5,0.25,B,0.5,0.5,0.25,0.25,0.25,0.25,B,0.75,0.0625,0.0625,0.0625,0.0625,0.25,0.25,0.25,0.25,B,0.75,0.0625,0.0625,0.0625,0.0625,0.375,0.125,0.375,0.125,B,0.75
0.25,0.25,0.25,0.25,B,0.75,0.0625,0.0625,0.0625,0.0625,0.375,0.125,0.375,0.125,B,0.75,0.0625,0.0625,0.0625,0.0625,0.5,0.5,B,0.5,0.5,0.375,0.125,0.375,0.125,B,0.375,0.125
0.0625,0.0625,0.0625,0.0625,0.5,0.5,B,0.5,0.5,0.375,0.125,0.375,0.125,B,0.375,0.125,0.375,0.125,0.5,0.5,B,0.5,-0.5,B,0.5,-0.5,B,0.375,0.125,0.375,0.125,B
0.375,0.125,0.5,0.5,B,0.5,-0.5,B,0.5,-0.5,B,0.375,0.125,0.375,0.125,B,0.5,-0.5,-1.0,B,-1.0,0.375,0.125,0.375,0.125,B,0.5,-0.5,-1.0,B,-2.0,B
0.5,-0.5,-1.0,B,-1.0,0.375,0.125,0.375,0.125,B,0.5,-0.5,-1.0,B,-2.0,B,-2.0,B,-1.0,0.5,0.5,B,0.5,0.5,0.75,0.125,0.125,B,0.5,-0.5,B,0.375
-2.0,B,-1.0,0.5,0.5,B,0.5,0.5,0.75,0.125,0.125,B,0.5,-0.5,B,0.375,0.125,0.375,0.125,B,0.5,-0.5,-1.0,B,-1.0,0.375,0.125,0.125,0.125,0.125,0.125,B
0.125,0.375,0.125,B,0.5,-0.5,-1.0,B,-1.0,0.375,0.125,0.125,0.125,0.125,0.125,B,0.5,-0.5,-1.0,B,-1.0,0.5,0.5,B,0.5,0.5,-0.5,0.5,B,0.5,0.5,-0.5
0.5,-0.5,-1.0,B,-1.0,0.5,0.5,B,0.5,0.5,-0.5,0.5,B,0.5,0.5,-0.5,0.375,0.125,B,0.75,0.25,0.5,0.5,B,0.5,0.5,0.5,0.5,B,0.5,0.5,0.75
0.375,0.125,B,0.75,0.25,0.5,0.5,B,0.5,0.5,0.5,0.5,B,0.5,0.5,0.75,0.125,0.125,B,0.5,-0.5,B,0.5,0.5,B,1.0,0.1667,0.1667,0.1667,0.1667,0.1667,0.1667
0.125,0.125,B,0.5,-0.5,B,0.5,0.5,B,1.0,0.1667,0.1667,0.1667,0.1667,0.1667,0.1667,B,1.0,0.1667,0.1667,0.1667,0.1667,0.1667,0.1667,B,0.5,0.5,0.1667,0.1667,0.1667,0.1667,0.1667
B,1.0,0.1667,0.1667,0.1667,0.1667,0.1667,0.1667,B,0.5,0.5,0.1667,0.1667,0.1667,0.1667,0.1667,0.1667,B,0.5,0.5,-0.1667,0.1667,0.1667,0.1667,0.1667,0.1667,B,0.1667,0.1667,0.1667,0.1667,0.1667
0.1667,B,0.5,0.5,-0.1667,0.1667,0.1667,0.1667,0.1667,0.1667,B,0.1667,0.1667,0.1667,0.1667,0.1667,0.1667,-0.1667,0.1667,0.1667,0.1667,0.1667,0.1667,B,0.1667,0.1667,0.1667,0.1667,0.1667,0.1667,0.75,-0.125
0.1667,-0.1667,0.1667,0.1667,0.1667,0.1667,0.1667,B,0.1667,0.1667,0.1667,0.1667,0.1667,0.1667,0.75,-0.125,0.125,B,0.75,-0.125,0.125,0.5,0.5,B,0.5,-0.5,B,0.5,0.5,B,1.5,0.5
0.125,B,0.75,-0.125,0.125,0.5,0.5,B,0.5,-0.5,B,0.5,0.5,B,1.5,0.5,B,1.5,0.25,0.25,B,1.0,0.75,0.125,0.125,B,0.5,-0.5,0.5,0.5,B,0.5
B,1.5,0.25,0.25,B,1.0,0.75,0.125,0.125,B,0.5,-0.5,0.5,0.5,B,0.5,1.0,0.25,0.25,B,1.5,0.25,0.25,B,1.0,1.0,B,0.5,-0.5,-0.1667,0.1667,0.1667
1.0,0.25,0.25,B,1.5,0.25,0.25,B,1.0,1.0,B,0.5,-0.5,-0.1667,0.1667,0.1667,0.1667,0.1667,0.1667,B,0.1667,0.1667,0.1667,0.1667,0.1667,0.1667,-0.1667,0.1667,0.1667,0.1667,0.1667,0.1667
0.1667,0.1667,0.1667,B,0.1667,0.1667,0.1667,0.1667,0.1667,0.1667,-0.1667,0.1667,0.1667,0.1667,0.1667,0.1667,B,0.1667,0.1667,0.1667,0.1667,0.1667,0.1667,0.75,-0.125,0.125,B,0.75,-0.125,0.125,0.5,0.5
B,0.1667,0.1667,0.1667,0.1667,0.1667,0.1667,0.75,-0.125,0.125,B,0.75,-0.125,0.125,0.5,0.5,B,0.5,-0.5,0.75,-0.125,0.125,B,0.75,-0.125,0.125,0.5,0.5,B,0.5,-0.5,B
B,0.5,-0.5,0.75,-0.125,0.125,B,0.75,-0.125,0.125,0.5,0.5,B,0.5,-0.5,B,0.5,0.5,B,0.5,1.0,0.5,B,0.5,0.5,0.375,0.125,0.375,0.125,B,0.5,1.0
0.5,0.5,B,0.5,1.0,0.5,B,0.5,0.5,0.375,0.125,0.375,0.125,B,0.5,1.0,0.5,B,0.5,0.5,0.375,0.125,0.375,0.125,B,0.5,0.5,0.375,0.125,0.375,0.125,B
0.5,B,0.5,0.5,0.375,0.125,0.375,0.125,B,0.5,0.5,0.375,0.125,0.375,0.125,B,0.5,0.5,0.375,0.125,0.375,0.125,B,0.5,0.5,0.5,0.25,0.125,0.125,B,0.5,-0.5
0.5,0.5,0.375,0.125,0.375,0.125,B,0.5,0.5,0.5,0.25,0.125,0.125,B,0.5,-0.5,0.5,0.5,B,0.5,1.0,0.5,B,0.5,0.375,0.125,0.375,0.125,0.375,0.125,B,0.5
0.5,0.5,B,0.5,1.0,0.5,B,0.5,0.375,0.125,0.375,0.125,0.375,0.125,B,0.5,1.0,0.5,B,0.5,0.375,0.125,0.375,0.125,0.375,0.125,B,0.5,-0.5,-1.0,B,-1.0
1.0,0.5,B,0.5,0.375,0.125,0.375,0.125,0.375,0.125,B,0.5,-0.5,-1.0,B,-1.0,0.5,0.5,B,0.5,0.5,0.375,0.125,0.375,0.125,B,0.5,-0.5,-0.5,0.5,B,0.5
0.5,0.5,B,0.5,0.5,0.375,0.125,0.375,0.125,B,0.5,-0.5,-0.5,0.5,B,0.5,0.5,-1.0,B,-0.5,0.5,0.5,0.5,B,0.5,0.5,-1.0,B,-1.0,0.5,0.5,B
0.5,-1.0,B,-0.5,0.5,0.5,0.5,B,0.5,0.5,-1.0,B,-1.0,0.5,0.5,B,0.5,0.5,0.375,0.125,0.375,0.125,B,0.5,0.5,0.375,0.125,0.375,0.125,B,0.375,0.125
0.5,0.5,0.375,0.125,0.375,0.125,B,0.5,0.5,0.375,0.125,0.375,0.125,B,0.375,0.125,0.375,0.125,0.375,0.125,0.375,0.125,B,0.5,-0.5,-1.0,B,-0.5,0.5,0.375,0.125,0.375
0.375,0.125,0.375,0.125,0.375,0.125,B,0.5,-0.5,-1.0,B,-0.5,0.5,0.375,0.125,0.375,0.125,B,0.375,0.125,0.375,0.125,0.5,-0.5,B,-1.0,-0.5,0.5,B,0.375,0.125,0.375
0.125,B,0.375,0.125,0.375,0.125,0.5,-0.5,B,-1.0,-0.5,0.5,B,0.375,0.125,0.375,0.125,0.5,-0.5,B,-2.0,B,0.5,0.5,0.5,0.5,B,0.375,0.125,0.375,0.125,0.375
0.125,0.5,-0.5,B,-2.0,B,0.5,0.5,0.5,0.5,B,0.375,0.125,0.375,0.125,0.375,0.125,0.375,0.125,B,0.5,-0.5,B,-1.0,B,1.5,0.5,B,1.5,0.5,B,0.5
0.125,0.375,0.125,B,0.5,-0.5,B,-1.0,B,1.5,0.5,B,1.5,0.5,B,0.5,0.5,0.5,0.5,B,0.5,0.25,-0.25,-1.0,B,-1.0,0.5,0.5,B,0.5,1.0,0.5
0.5,0.5,0.5,B,0.5,0.25,-0.25,-1.0,B,-1.0,0.5,0.5,B,0.5,1.0,0.5,B,0.5,0.5,0.25,0.125,0.125,0.25,0.25,B,0.5,0.25,-0.25,B,0.5,0.5,B
B,0.5,0.5,0.25,0.125,0.125,0.25,0.25,B,0.5,0.25,-0.25,B,0.5,0.5,B,0.5,0.5,0.5,0.5,B,0.5,0.5,0.5,0.5,B,0.5,0.5,0.5,0.5,B,0.5
0.5,0.5,0.5,0.5,B,0.5,0.5,0.5,0.5,B,0.5,0.5,0.5,0.5,B,0.5,0.25,-0.25,-1.0,B,-1.0,0.5,0.5,B,0.5,1.0,0.5,B,0.5,1.0,0.5,B
0.25,-0.25,-1.0,B,-1.0,0.5,0.5,B,0.5,1.0,0.5,B,0.5,1.0,0.5,B,1.0,0.5,0.5,B,0.5,0.5,0.75,0.125,0.125,B,0.5,-0.5,B,0.5,-0.5,B
1.0,0.5,0.5,B,0.5,0.5,0.75,0.125,0.125,B,0.5,-0.5,B,0.5,-0.5,B,-1.0,B,2.0,B,1.0,-1.0,B,1.0,0.5,0.5,B,0.75,0.25,0.5,-0.5,B
-1.0,B,2.0,B,1.0,-1.0,B,1.0,0.5,0.5,B,0.75,0.25,0.5,-0.5,B,2.0,B,0.5,-0.5,0.5,-0.5,B,0.5,0.5,0.5,0.5,B,1.0,-0.5,0.5,B
2.0,B,0.5,-0.5,0.5,-0.5,B,0.5,0.5,0.5,0.5,B,1.0,-0.5,0.5,B,1.0,-0.5,0.5,B,1.0,-0.5,0.5,B,1.0,-0.5,0.5,B,0.25,0.125,0.125,0.25
1.0,-0.5,0.5,B,1.0,-0.5,0.5,B,1.0,-0.5,0.5,B,0.25,0.125,0.125,0.25,0.25,0.25,0.25,0.25,0.25,B,0.25,0.125,0.125,0.25,0.25,0.25,0.25,0.25,0.25,B
0.25,0.25,0.25,0.25,0.25,B,0.25,0.125,0.125,0.25,0.25,0.25,0.25,0.25,0.25,B,0.25,0.125,0.125,0.25,0.25,0.25,0.125,0.125,0.25,0.25,B,0.25,0.125,0.125,0.25,0.25
0.25,0.125,0.125,0.25,0.25,0.25,0.125,0.125,0.25,0.25,B,0.25,0.125,0.125,0.25,0.25,0.25,0.125,0.125,0.25,0.25,B,1.0,0.25,0.25,0.25,0.25,B,0.25,0.25,0.25,0.25
0.25,0.125,0.125,0.25,0.25,B,1.0,0.25,0.25,0.25,0.25,B,0.25,0.25,0.25,0.25,0.25,0.25,0.25,0.25,B,2.0,B,0.5,-0.5,0.375,0.125,0.375,0.125,B,0.5,1.0
0.25,0.25,0.25,0.25,B,2.0,B,0.5,-0.5,0.375,0.125,0.375,0.125,B,0.5,1.0,0.5,B,0.5,0.5,0.25,0.25,0.25,0.25,B,0.5,0.5,0.5,0.5,B,0.5,0.5
0.5,B,0.5,0.5,0.25,0.25,0.25,0.25,B,0.5,0.5,0.5,0.5,B,0.5,0.5,0.5,0.5,B,0.5,0.5,0.5,0.5,B,0.5,0.5,1.0,B,0.25,0.25,0.25,0.125
0.5,0.5,B,0.5,0.5,0.5,0.5,B,0.5,0.5,1.0,B,0.25,0.25,0.25,0.125,0.125,0.5,0.5,B,0.5,0.5,0.5,0.5,B,0.1667,0.1667,0.1667,0.1667,0.1667,0.1667,0.75
0.125,0.5,0.5,B,0.5,0.5,0.5,0.5,B,0.1667,0.1667,0.1667,0.1667,0.1667,0.1667,0.75,0.125,0.125,B,0.5,-0.5,0.5,0.5,B,0.5,0.5,0.375,0.125,0.375,0.125,B,0.5
0.125,0.125,B,0.5,-0.5,0.5,0.5,B,0.5,0.5,0.375,0.125,0.375,0.125,B,0.5,0.5,0.375,0.125,0.375,0.125,B,0.375,0.125,0.375,0.125,0.375,0.125,0.375,0.125,B,0.5
0.5,0.375,0.125,0.375,0.125,B,0.375,0.125,0.375,0.125,0.375,0.125,0.375,0.125,B,0.5,1.0,0.5,B,0.5,0.5,0.375,0.125,0.375,0.125,B,0.5,0.5,0.375,0.125,0.375,0.125
1.0,0.5,B,0.5,0.5,0.375,0.125,0.375,0.125,B,0.5,0.5,0.375,0.125,0.375,0.125,B,0.375,0.125,0.375,0.125,0.375,0.125,0.375,0.125,B,1.0,-1.0,B,1.5,0.5,B
B,0.375,0.125,0.375,0.125,0.375,0.125,0.375,0.125,B,1.0,-1.0,B,1.5,0.5,B,1.0,-1.0,B,1.5,0.5,B,0.5,-0.5,0.5,-0.5,B,1.0,-1.0,B,2.0,1.0
1.0,-1.0,B,1.5,0.5,B,0.5,-0.5,0.5,-0.5,B,1.0,-1.0,B,2.0,1.0,1.0,B,1.0,-1.0,-1.0,1.0,B,1.0,1.5,0.5,0.5,0.5,B,1.0,-1.0,-2.0
1.0,B,1.0,-1.0,-1.0,1.0,B,1.0,1.5,0.5,0.5,0.5,B,1.0,-1.0,-2.0,B,2.0,1.0,1.0,B,1.0,-1.0,-1.0,1.0,B,1.0,1.5,0.5,0.5,0.5,B
B,2.0,1.0,1.0,B,1.0,-1.0,-1.0,1.0,B,1.0,1.5,0.5,0.5,0.5,B,1.0,-1.0,-2.0,B,-1.0,1.5,0.5,0.5,0.5,B,1.0,-1.0,-2.0,B,-1.0,1.5
1.0,-1.0,-2.0,B,-1.0,1.5,0.5,0.5,0.5,B,1.0,-1.0,-2.0,B,-1.0,1.5,0.5,0.5,0.5,B,1.0,-1.0,-2.0,B,-1.0,1.5,0.5,0.5,0.5,B,1.0,1.5
0.5,0.5,0.5,B,1.0,-1.0,-2.0,B,-1.0,1.5,0.5,0.5,0.5,B,1.0,1.5,0.5,0.5,0.5,B,1.0,1.5,0.5,0.5,0.5,B,1.0,-1.0,-2.0,B,2.0,1.0
0.5,0.5,0.5,B,1.0,1.5,0.5,0.5,0.5,B,1.0,-1.0,-2.0,B,2.0,1.0,1.0,B,1.0,-1.0,-1.0,1.0,B,1.0,1.5,0.5,0.5,0.5,B,1.0,-1.0,-2.0
1.0,B,1.0,-1.0,-1.0,1.0,B,1.0,1.5,0.5,0.5,0.5,B,1.0,-1.0,-2.0,B,2.0,1.0,1.0,B,1.0,-1.0,-1.0,1.0,B,1.0,1.5,0.5,0.5,0.5,B
B,2.0,1.0,1.0,B,1.0,-1.0,-1.0,1.0,B,1.0,1.5,0.5,0.5,0.5,B,1.0,-1.0,-2.0,B,-1.0,1.5,0.5,0.5,0.5,B,1.0,1.5,0.5,0.5,0.5,B
1.0,-1.0,-2.0,B,-1.0,1.5,0.5,0.5,0.5,B,1.0,1.5,0.5,0.5,0.5,B,1.0,1.5,0.5,1.0,B,0.5,0.5,1.5,0.5,0.5,0.5,B,1.0,-1.0,-2.0,B
1.0,1.5,0.5,1.0,B,0.5,0.5,1.5,0.5,0.5,0.5,B,1.0,-1.0,-2.0,B,-4.0,B,-4.0,B,-1.0,1.5,0.5,0.5,0.5,B,1.0,1.5,0.5,1.0,B,0.5
-4.0,B,-4.0,B,-1.0,1.5,0.5,0.5,0.5,B,1.0,1.5,0.5,1.0,B,0.5,0.5,1.5,0.5,1.0,B,0.5,0.5,1.5,0.5,0.5,0.5,B,1.0,1.5,0.5,0.5
0.5,1.5,0.5,1.0,B,0.5,0.5,1.5,0.5,0.5,0.5,B,1.0,1.5,0.5,0.5,0.5,B,1.0,1.5,0.5,0.5,0.5,B,1.0,1.5,0.5,0.5,0.5,B,1.0,-1.0
0.5,B,1.0,1.5,0.5,0.5,0.5,B,1.0,1.5,0.5,0.5,0.5,B,1.0,-1.0,-2.0,B,2.0,1.0,1.0,B,1.0,-1.0,-2.0,B,-4.0,B,2.0,1.0,1.0,B
-2.0,B,2.0,1.0,1.0,B,1.0,-1.0,-2.0,B,-4.0,B,2.0,1.0,1.0,B,1.0,1.5,0.5,0.5,0.5,B,1.0,-1.0,-2.0,B,-4.0,B,-4.0,B,2.0,1.0
1.0,1.5,0.5,0.5,0.5,B,1.0,-1.0,-2.0,B,-4.0,B,-4.0,B,2.0,1.0,1.0,B,1.0,1.5,0.5,0.5,0.5,B,1.0,1.5,0.5,0.5,0.5,B,1.0,1.5
1.0,B,1.0,1.5,0.5,0.5,0.5,B,1.0,1.5,0.5,0.5,0.5,B,1.0,1.5,0.5,0.5,0.5,B,1.0,1.5,0.5,0.5,0.5,B,1.0,1.5,0.5,0.5,0.5,B
0.5,0.5,0.5,B,1.0,1.5,0.5,0.5,0.5,B,1.0,1.5,0.5,0.5,0.5,B,1.0,1.0,1.0,1.0,B,1.0,2.0,1.0,B,1.0,2.0,1.0,B,1.0,2.0,1.0
1.0,1.0,1.0,1.0,B,1.0,2.0,1.0,B,1.0,2.0,1.0,B,1.0,2.0,1.0,B,1.0,2.0,1.0,B,0.5,0.5,0.5,0.5,0.5,0.5,0.5,0.5,B,0.5,0.5
B,1.0,2.0,1.0,B,0.5,0.5,0.5,0.5,0.5,0.5,0.5,0.5,B,0.5,0.5,0.5,0.5,0.5,0.5,0.5,0.5,B,0.5,0.5,0.5,0.5,0.5,0.5,0.5,0.5,B
0.5,0.5,0.5,0.5,0.5,0.5,B,0.5,0.5,0.5,0.5,0.5,0.5,0.5,0.5,B,2.0,2.0,B,2.0,2.0,B,-0.5,0.5,0.5,0.5,-0.5,0.5,0.5,0.5,B,-0.5
2.0,2.0,B,2.0,2.0,B,-0.5,0.5,0.5,0.5,-0.5,0.5,0.5,0.5,B,-0.5,0.5,0.5,0.5,-0.5,0.5,0.5,0.5,B,1.0,-1.0,-1.0,0.5,0.5,B,0.5,0.5
0.5,0.5,0.5,-0.5,0.5,0.5,0.5,B,1.0,-1.0,-1.0,0.5,0.5,B,0.5,0.5,0.5,0.5,1.0,1.0,B,2.0,1.0,0.5,0.5,B,0.5,0.5,0.5,0.5,1.0,1.0
0.5,0.5,1.0,1.0,B,2.0,1.0,0.5,0.5,B,0.5,0.5,0.5,0.5,1.0,1.0,B,2.0,1.0,-1.0,B,-1.0,1.0,1.0,1.0,B,1.5,0.25,0.25,1.0,-1.0,B
B,2.0,1.0,-1.0,B,-1.0,1.0,1.0,1.0,B,1.5,0.25,0.25,1.0,-1.0,B,-1.0,1.0,1.0,1.0,B,1.5,0.25,0.25,1.0,1.0,B,1.5,0.25,0.25,1.0,1.0
-1.0,1.0,1.0,1.0,B,1.5,0.25,0.25,1.0,1.0,B,1.5,0.25,0.25,1.0,1.0,B,1.5,0.25,0.25,1.0,1.0,B,1.0,-1.0,-1.0,1.0,B,1.0,-1.0,-2.0,B
B,1.5,0.25,0.25,1.0,1.0,B,1.0,-1.0,-1.0,1.0,B,1.0,-1.0,-2.0,B,2.0,1.0,1.0,B,1.0,-1.0,-2.0,B,2.0,1.0,1.0,B,1.0,1.0,1.5,0.25
2.0,1.0,1.0,B,1.0,-1.0,-2.0,B,2.0,1.0,1.0,B,1.0,1.0,1.5,0.25,0.25,B,1.0,1.0,1.0,1.0,B,1.0,-1.0,-2.0,B,-4.0,B,-4.0,B,-4.0
0.25,B,1.0,1.0,1.0,1.0,B,1.0,-1.0,-2.0,B,-4.0,B,-4.0,B,-4.0,B,2.0,1.0,1.0,B,1.0,1.5,0.5,0.5,0.5,B,1.0,-1.0,-2.0,B,-4.0
B,2.0,1.0,1.0,B,1.0,1.5,0.5,0.5,0.5,B,1.0,-1.0,-2.0,B,-4.0,B,-4.0,B,2.0,1.0,1.0,B,1.0,1.5,0.5,0.5,0.5,B,1.0,-1.0,-2.0
B,-4.0,B,2.0,1.0,1.0,B,1.0,1.5,0.5,0.5,0.5,B,1.0,-1.0,-2.0,B,-0.5,0.5,0.5,0.5,0.5,0.5,0.5,0.5,B,1.0,-1.0,-2.0,B,-0.5,0.5
B,-0.5,0.5,0.5,0.5,0.5,0.5,0.5,0.5,B,1.0,-1.0,-2.0,B,-0.5,0.5,0.5,0.5,0.5,0.5,0.5,0.5,B,1.0,-1.0,-2.0,B,-4.0,B,2.0,1.0,1.0
0.5,0.5,0.5,0.5,0.5,0.5,B,1.0,-1.0,-2.0,B,-4.0,B,2.0,1.0,1.0,B,1.0,-1.0,-2.0,B,2.0,1.0,1.0,B,1.0,-1.0,-2.0,B,2.0,1.0,1.0
B,1.0,-1.0,-2.0,B,2.0,1.0,1.0,B,1.0,-1.0,-2.0,B,2.0,1.0,1.0,B,1.0,1.0,1.0,1.0,B,0.5,0.5,0.5,0.5,0.5,0.5,0.5,0.5,B,0.5
B,1.0,1.0,1.0,1.0,B,0.5,0.5,0.5,0.5,0.5,0.5,0.5,0.5,B,0.5,0.5,0.5,0.5,0.5,0.5,0.5,0.5,B,2.0,1.0,1.0,B,0.5,0.5,0.5,0.5
0.5,0.5,0.5,0.5,0.5,0.5,0.5,B,2.0,1.0,1.0,B,0.5,0.5,0.5,0.5,0.5,0.5,0.5,0.5,B,2.0,1.0,1.0,B,1.0,1.0,1.0,1.0,B,1.0,-1.0
0.5,0.5,0.5,0.5,B,2.0,1.0,1.0,B,1.0,1.0,1.0,1.0,B,1.0,-1.0,-2.0,B,4.0,B,4.0,B,2.0,2.0,B,4.0,B,2.0,2.0,B,2.0,2.0
-2.0,B,4.0,B,4.0,B,2.0,2.0,B,4.0,B,2.0,2.0,B,2.0,2.0,B,2.0,2.0,B,4.0,B,4.0,B,4.0,B,2.0,2.0,B,4.0,B,4.0
B,2.0,2.0,B,4.0,B,4.0,B,4.0,B,2.0,2.0,B,4.0,B,4.0,B,4.0,B,2.0,2.0,B,4.0,B,4.0,B,4.0,B,4.0,B,4.0,B
B,4.0,B,2.0,2.0,B,4.0,B,4.0,B,4.0,B,4.0,B,4.0,B,2.0,2.0,B,2.0,2.0,B,1.0,-1.0,1.0,-1.0,B,1.0,-1.0,1.0,-1.0,B
2.0,2.0,B,2.0,2.0,B,1.0,-1.0,1.0,-1.0,B,1.0,-1.0,1.0,-1.0,B,1.0,-1.0,1.0,-1.0,B,1.0,-1.0,1.0,-1.0,B,1.0,-1.0,0.5,0.5,0.5,0.5
1.0,-1.0,1.0,-1.0,B,1.0,-1.0,1.0,-1.0,B,1.0,-1.0,0.5,0.5,0.5,0.5,B,1.0,-1.0,0.5,0.5,0.5,0.5,B,1.0,-1.0,0.5,0.5,0.5,0.5,B,0.5
B,1.0,-1.0,0.5,0.5,0.5,0.5,B,1.0,-1.0,0.5,0.5,0.5,0.5,B,0.5,0.5,0.5,0.5,0.5,0.5,0.5,0.5,B,1.0,-1.0,-2.0,B,2.0,1.0,1.0,B
0.5,0.5,0.5,0.5,0.5,0.5,0.5,B,1.0,-1.0,-2.0,B,2.0,1.0,1.0,B,1.0,-1.0,-1.0,1.0,B,1.0,1.5,0.5,0.5,0.5,B,1.0,-1.0,-2.0,B,2.0
1.0,-1.0,-1.0,1.0,B,1.0,1.5,0.5,0.5,0.5,B,1.0,-1.0,-2.0,B,2.0,1.0,1.0,B,1.0,-1.0,-1.0,1.0,B,1.0,1.5,0.5,0.5,0.5,B,1.0,-1.0
1.0,1.0,B,1.0,-1.0,-1.0,1.0,B,1.0,1.5,0.5,0.5,0.5,B,1.0,-1.0,-2.0,B,-0.5,0.5,0.5,0.5,0.5,0.5,0.5,0.5,B,1.0,-1.0,-2.0,B,-0.5
-2.0,B,-0.5,0.5,0.5,0.5,0.5,0.5,0.5,0.5,B,1.0,-1.0,-2.0,B,-0.5,0.5,0.5,0.5,0.5,0.5,0.5,0.5,B,1.0,-1.0,-2.0,B,-1.0,1.5,0.5,0.5
0.5,0.5,0.5,0.5,0.5,0.5,0.5,B,1.0,-1.0,-2.0,B,-1.0,1.5,0.5,0.5,0.5,B,1.0,1.5,0.5,0.5,0.5,B,1.0,1.5,0.5,0.5,0.5,B,1.0,-1.0
0.5,B,1.0,1.5,0.5,0.5,0.5,B,1.0,1.5,0.5,0.5,0.5,B,1.0,-1.0,-2.0,B,2.0,1.0,1.0,B,1.0,-1.0,-1.0,1.0,B,1.0,1.5,0.5,0.5,0.5
-2.0,B,2.0,1.0,1.0,B,1.0,-1.0,-1.0,1.0,B,1.0,1.5,0.5,0.5,0.5,B,1.0,-1.0,-2.0,B,2.0,1.0,1.0,B,1.0,-1.0,-1.0,1.0,B,1.0,1.5
B,1.0,-1.0,-2.0,B,2.0,1.0,1.0,B,1.0,-1.0,-1.0,1.0,B,1.0,1.5,0.5,0.5,0.5,B,1.0,-1.0,-2.0,B,-1.0,1.5,0.5,0.5,0.5,B,1.0,1.5
0.5,0.5,0.5,B,1.0,-1.0,-2.0,B,-1.0,1.5,0.5,0.5,0.5,B,1.0,1.5,0.5,0.5,0.5,B,1.0,1.5,0.5,1.0,B,0.5,0.5,1.5,0.5,0.5,0.5,B
0.5,0.5,0.5,B,1.0,1.5,0.5,1.0,B,0.5,0.5,1.5,0.5,0.5,0.5,B,1.0,-1.0,-2.0,B,-4.0,B,-4.0,B,-1.0,1.5,0.5,0.5,0.5,B,1.5,0.5
1.0,-1.0,-2.0,B,-4.0,B,-4.0,B,-1.0,1.5,0.5,0.5,0.5,B,1.5,0.5,1.5,0.5,B,1.5,0.5,1.5,0.5,B,1.5,0.5,1.5,0.5,B,0.5,0.5,1.5
1.5,0.5,B,1.5,0.5,1.5,0.5,B,1.5,0.5,1.5,0.5,B,0.5,0.5,1.5,0.5,0.5,0.5,B,1.0,1.5,0.5,0.5,0.5,B,1.0,1.5,0.5,0.5,0.5,B
0.5,0.5,0.5,B,1.0,1.5,0.5,0.5,0.5,B,1.0,1.5,0.5,0.5,0.5,B,1.0,-1.0,-2.0,B,2.0,1.0,1.0,B,1.0,-1.0,-2.0,B,-4.0,B,2.0,1.0
1.0,-1.0,-2.0,B,2.0,1.0,1.0,B,1.0,-1.0,-2.0,B,-4.0,B,2.0,1.0,1.0,B,1.0,1.5,0.5,0.5,0.5,B,1.0,-1.0,-2.0,B,-4.0,B,-4.0,B
1.0,B,1.0,1.5,0.5,0.5,0.5,B,1.0,-1.0,-2.0,B,-4.0,B,-4.0,B,2.0,1.0,1.0,B,1.0,1.5,0.5,0.5,0.5,B,0.5,0.5,0.5,0.5,0.5,0.5
2.0,1.0,1.0,B,1.0,1.5,0.5,0.5,0.5,B,0.5,0.5,0.5,0.5,0.5,0.5,0.5,0.5,B,0.5,0.5,0.5,0.5,0.5,0.5,0.5,0.5,B,0.5,0.5,0.5,0.5
0.5,0.5,B,0.5,0.5,0.5,0.5,0.5,0.5,0.5,0.5,B,0.5,0.5,0.5,0.5,0.5,0.5,0.5,0.5,B,0.5,0.5,0.5,0.5,0.5,0.5,0.5,0.5,B,1.0,1.0
0.5,0.5,0.5,0.5,B,0.5,0.5,0.5,0.5,0.5,0.5,0.5,0.5,B,1.0,1.0,1.0,1.0,B,1.0,2.0,1.0,B,1.0,2.0,1.0,B,1.0,2.0,1.0,B,1.0
1.0,1.0,B,1.0,2.0,1.0,B,1.0,2.0,1.0,B,1.0,2.0,1.0,B,1.0,2.0,1.0,B,0.5,0.5,0.5,0.5,0.5,0.5,0.5,0.5,B,0.5,0.5,0.5,0.5
2.0,1.0,B,0.5,0.5,0.5,0.5,0.5,0.5,0.5,0.5,B,0.5,0.5,0.5,0.5,0.5,0.5,0.5,0.5,B,0.5,0.5,0.5,0.5,0.5,0.5,0.5,0.5,B,2.0,2.0
0.5,0.5,0.5,0.5,B,0.5,0.5,0.5,0.5,0.5,0.5,0.5,0.5,B,2.0,2.0,B,2.0,2.0,B,4.0,B,0.5,0.5,0.5,0.5,0.5,0.5,0.5,0.5,B,0.5
B,2.0,2.0,B,4.0,B,0.5,0.5,0.5,0.5,0.5,0.5,0.5,0.5,B,0.5,0.5,0.5,0.5,0.5,0.5,0.5,0.5,B,0.5,0.5,0.5,0.5,0.5,0.5,0.5,0.5
0.5,0.5,0.5,0.5,0.5,0.5,0.5,B,0.5,0.5,0.5,0.5,0.5,0.5,0.5,0.5,B,2.0,2.0,B,2.0,2.0,B,-0.5,0.5,0.5,0.5,-0.5,0.5,0.5,0.5,B
B,2.0,2.0,B,2.0,2.0,B,-0.5,0.5,0.5,0.5,-0.5,0.5,0.5,0.5,B,-0.5,0.5,0.5,0.5,-0.5,0.5,0.5,0.5,B,1.0,-1.0,-1.0,0.5,0.5,B,0.5
-0.5,0.5,0.5,0.5,-0.5,0.5,0.5,0.5,B,1.0,-1.0,-1.0,0.5,0.5,B,0.5,0.5,0.5,0.5,1.0,1.0,B,2.0,1.0,0.5,0.5,B,0.5,0.5,0.5,0.5,1.0
0.5,0.5,0.5,1.0,1.0,B,2.0,1.0,0.5,0.5,B,0.5,0.5,0.5,0.5,1.0,1.0,B,2.0,1.0,-1.0,B,-1.0,1.0,1.0,1.0,B,1.5,0.25,0.25,1.0,-1.0
1.0,B,2.0,1.0,-1.0,B,-1.0,1.0,1.0,1.0,B,1.5,0.25,0.25,1.0,-1.0,B,-1.0,1.0,1.0,1.0,B,1.5,0.25,0.25,1.0,1.0,B,1.5,0.25,0.25,1.0
B,-1.0,1.0,1.0,1.0,B,1.5,0.25,0.25,1.0,1.0,B,1.5,0.25,0.25,1.0,1.0,B,1.5,0.25,0.25,1.0,1.0,B,1.0,-1.0,-1.0,1.0,B,1.0,-1.0,-2.0
1.0,B,1.5,0.25,0.25,1.0,1.0,B,1.0,-1.0,-1.0,1.0,B,1.0,-1.0,-2.0,B,2.0,1.0,1.0,B,2.0,1.0,1.0,B,1.0,-1.0,-1.0,1.0,B,0.5,0.5
B,2.0,1.0,1.0,B,2.0,1.0,1.0,B,1.0,-1.0,-1.0,1.0,B,0.5,0.5,0.5,0.5,1.0,1.0,B,1.0,-1.0,-2.0,B,2.0,1.0,1.0,B,1.0,1.0,1.0
0.5,0.5,1.0,1.0,B,1.0,-1.0,-2.0,B,2.0,1.0,1.0,B,1.0,1.0,1.0,1.0,B,1.0,1.0,1.0,1.0,B,0.5,0.5,0.5,0.5,0.5,0.5,0.5,0.5,B
1.0,B,1.0,1.0,1.0,1.0,B,0.5,0.5,0.5,0.5,0.5,0.5,0.5,0.5,B,1.0,-1.0,-2.0,B,-4.0,B,-4.0,B,-0.5,0.5,0.5,0.5,0.5,0.5,0.5,0.5
1.0,-1.0,-2.0,B,-4.0,B,-4.0,B,-0.5,0.5,0.5,0.5,0.5,0.5,0.5,0.5,B,2.0,1.0,1.0,B,1.0,1.0,1.0,1.0,B,1.0,1.0,1.0,1.0,B,0.5
B,2.0,1.0,1.0,B,1.0,1.0,1.0,1.0,B,1.0,1.0,1.0,1.0,B,0.5,0.5,0.5,0.5,0.5,0.5,0.5,0.5,B,0.5,0.5,0.5,0.5,0.5,0.5,0.5,0.5
0.5,0.5,0.5,0.5,0.5,0.5,0.5,B,0.5,0.5,0.5,0.5,0.5,0.5,0.5,0.5,B,0.5,0.5,0.5,0.5,0.5,0.5,0.5,0.5,B,0.5,0.5,0.5,0.5,0.5,0.5
B,0.5,0.5,0.5,0.5,0.5,0.5,0.5,0.5,B,0.5,0.5,0.5,0.5,0.5,0.5,0.5,0.5,B,1.0,-1.0,-2.0,B,2.0,1.0,1.0,B,1.0,-1.0,-2.0,B,-0.5
0.5,0.5,B,1.0,-1.0,-2.0,B,2.0,1.0,1.0,B,1.0,-1.0,-2.0,B,-0.5,0.5,0.5,0.5,0.5,0.5,0.5,0.5,B,1.0,-1.0,-2.0,B,2.0,1.0,1.0,B
0.5,0.5,0.5,0.5,0.5,0.5,0.5,B,1.0,-1.0,-2.0,B,2.0,1.0,1.0,B,1.0,-1.0,-2.0,B,-0.5,0.5,0.5,0.5,0.5,0.5,0.5,0.5,B,1.0,-1.0,-2.0
1.0,-1.0,-2.0,B,-0.5,0.5,0.5,0.5,0.5,0.5,0.5,0.5,B,1.0,-1.0,-2.0,B,2.0,1.0,1.0,B,1.0,-1.0,-2.0,B,2.0,1.0,1.0,B,1.0,-1.0,-2.0
B,2.0,1.0,1.0,B,1.0,-1.0,-2.0,B,2.0,1.0,1.0,B,1.0,-1.0,-2.0,B,-0.5,0.5,0.5,0.5,0.5,0.5,0.5,0.5,B,1.0,-1.0,-2.0,B,1.0,B
B,-0.5,0.5,0.5,0.5,0.5,0.5,0.5,0.5,B,1.0,-1.0,-2.0,B,1.0,B,2.0,-1.0,B,-3.0,B,1.0,1.0,1.0,B,1.0,-1.0,1.0,B,2.0,-1.0,B
2.0,-1.0,B,-3.0,B,1.0,1.0,1.0,B,1.0,-1.0,1.0,B,2.0,-1.0,B,-3.0,B,1.0,1.0,1.0,B,1.0,-1.0,1.0,B,1.5,0.5,0.5,0.5,B,1.0
-3.0,B,1.0,1.0,1.0,B,1.0,-1.0,1.0,B,1.5,0.5,0.5,0.5,B,1.0,-1.0,1.0,B,1.5,0.5,0.5,0.5,B,1.0,-1.0,1.0,B,3.0,B,1.0,0.5
-1.0,1.0,B,1.5,0.5,0.5,0.5,B,1.0,-1.0,1.0,B,3.0,B,1.0,0.5,0.5,0.5,0.5,B,0.5,0.5,0.5,0.5,0.5,0.5,B,1.0,-1.0,1.0,B,1.5
0.5,0.5,0.5,B,0.5,0.5,0.5,0.5,0.5,0.5,B,1.0,-1.0,1.0,B,1.5,0.5,0.5,0.5,B,0.5,0.5,0.5,0.5,0.5,0.5,B,1.0,1.0,1.0,B,1.0
0.5,0.5,0.5,B,0.5,0.5,0.5,0.5,0.5,0.5,B,1.0,1.0,1.0,B,1.0,1.0,1.0,B,1.0,1.0,1.0,B,0.5,-0.5,1.0,1.0,B,0.5,0.5,0.5,0.5
1.0,1.0,B,1.0,1.0,1.0,B,0.5,-0.5,1.0,1.0,B,0.5,0.5,0.5,0.5,0.5,0.5,B,1.0,-1.0,-1.0,B,-0.5,0.5,0.5,0.5,0.5,0.5,B,0.5,0.5
0.5,0.5,B,1.0,-1.0,-1.0,B,-0.5,0.5,0.5,0.5,0.5,0.5,B,0.5,0.5,0.5,0.5,0.5,0.5,B,0.5,0.5,0.5,0.5,0.5,0.5,B,0.5,0.5,0.5,0.5
0.5,0.5,0.5,0.5,B,0.5,0.5,0.5,0.5,0.5,0.5,B,0.5,0.5,0.5,0.5,0.5,0.5,B,1.0,2.0,B,1.0,2.0,B,1.0,2.0,B,1.0,2.0,B,0.5
0.5,0.5,B,1.0,2.0,B,1.0,2.0,B,1.0,2.0,B,1.0,2.0,B,0.5,0.5,0.5,0.5,0.5,0.5,B,0.5,0.5,0.5,0.5,0.5,0.5,B,0.5,0.5,0.5
0.5,0.5,0.5,0.5,0.5,B,0.5,0.5,0.5,0.5,0.5,0.5,B,0.5,0.5,0.5,0.5,0.5,0.5,B,1.0,-1.0,-1.0,B,3.0,B,1.0,-1.0,-1.0,B,-1.0,-1.0
0.5,0.5,0.5,B,1.0,-1.0,-1.0,B,3.0,B,1.0,-1.0,-1.0,B,-1.0,-1.0,1.0,B,1.0,1.0,-1.0,B,2.0,1.0,B,1.0,-1.0,-1.0,B,-1.0,-1.0,1.0
1.0,B,1.0,1.0,-1.0,B,2.0,1.0,B,1.0,-1.0,-1.0,B,-1.0,-1.0,1.0,B,1.0,-1.0,-1.0,B,2.0,1.0,B,1.0,-1.0,-1.0,B,0.3333,0.3333,0.3333,0.3333
B,1.0,-1.0,-1.0,B,2.0,1.0,B,1.0,-1.0,-1.0,B,0.3333,0.3333,0.3333,0.3333,0.3333,0.3333,0.3333,0.3333,0.3333,B,1.0,1.0,-1.0,B,0.3333,0.3333,0.3333,0.3333,0.3333,0.3333
0.3333,0.3333,0.3333,0.3333,0.3333,B,1.0,1.0,-1.0,B,0.3333,0.3333,0.3333,0.3333,0.3333,0.3333,0.3333,0.3333,0.3333,B,1.0,-1.0,1.0,B,0.3333,0.3333,0.3333,0.3333,0.3333,0.3333,0.3333,0.3333
0.3333,0.3333,0.3333,B,1.0,-1.0,1.0,B,0.3333,0.3333,0.3333,0.3333,0.3333,0.3333,0.3333,0.3333,0.3333,B,1.0,-1.0,1.0,B,0.3333,0.3333,0.3333,0.3333,0.3333,0.3333,0.3333,0.3333,0.3333,B
0.3333,B,1.0,-1.0,1.0,B,0.3333,0.3333,0.3333,0.3333,0.3333,0.3333,0.3333,0.3333,0.3333,B,1.0,1.0,1.0,B,1.0,2.0,B,2.0,1.0,B,1.0,2.0,B,-1.0,2.0,B
1.0,1.0,1.0,B,1.0,2.0,B,2.0,1.0,B,1.0,2.0,B,-1.0,2.0,B,1.0,1.0,1.0,B,1.0,1.0,1.0,B,1.0,-1.0,-1.0,B,-1.0,1.0,1.0,B
1.0,1.0,1.0,B,1.0,1.0,1.0,B,1.0,-1.0,-1.0,B,-1.0,1.0,1.0,B,2.0,1.0,B,2.0,1.0,B,3.0,B,3.0,B,1.0,0.5,0.5,1.0,B,1.0
2.0,1.0,B,2.0,1.0,B,3.0,B,3.0,B,1.0,0.5,0.5,1.0,B,1.0,1.0,1.0,B,3.0,B,2.0,1.0,B,1.0,-0.5,0.5,0.5,0.5,B,0.5,0.5
1.0,1.0,B,3.0,B,2.0,1.0,B,1.0,-0.5,0.5,0.5,0.5,B,0.5,0.5,0.5,0.5,0.5,0.5,B,1.5,0.5,0.5,0.5,B,0.5,0.5,0.5,0.5,0.5,0.5
0.5,0.5,0.5,0.5,B,1.5,0.5,0.5,0.5,B,0.5,0.5,0.5,0.5,0.5,0.5,B,1.0,-1.0,-1.0,B,3.0,B,3.0,B,3.0,B,1.0,1.0,1.0,B,1.0
B,1.0,-1.0,-1.0,B,3.0,B,3.0,B,3.0,B,1.0,1.0,1.0,B,1.0,2.0,B,-0.5,0.5,-0.5,0.5,-0.5,0.5,B,-0.5,0.5,-0.5,0.5,-0.5,0.5,B
2.0,B,-0.5,0.5,-0.5,0.5,-0.5,0.5,B,-0.5,0.5,-0.5,0.5,-0.5,0.5,B,1.0,-1.0,-1.0,B,3.0,B,3.0,B,1.0,1.0,1.0,B,1.0,-1.0,B,1.0
1.0,-1.0,-1.0,B,3.0,B,3.0,B,1.0,1.0,1.0,B,1.0,-1.0,B,1.0,B,2.0,-1.0,B,-1.0,-1.0,1.0,B,1.5,0.5,0.5,0.5,B,0.5,0.5,0.5
B,2.0,-1.0,B,-1.0,-1.0,1.0,B,1.5,0.5,0.5,0.5,B,0.5,0.5,0.5,0.5,0.5,0.5,B,1.0,1.0,1.0,B,2.0,-1.0,B,1.0,1.0,1.0,B,1.0
0.5,0.5,0.5,B,1.0,1.0,1.0,B,2.0,-1.0,B,1.0,1.0,1.0,B,1.0,-1.0,-1.0,B,3.0,B,3.0,B,1.0,1.0,1.0,B,1.0,-1.0,1.0,B,0.5
-1.0,-1.0,B,3.0,B,3.0,B,1.0,1.0,1.0,B,1.0,-1.0,1.0,B,0.5,0.5,1.5,0.5,B,0.5,0.5,1.5,0.5,B,0.5,0.5,1.5,0.5,B,0.5,0.5
0.5,1.5,0.5,B,0.5,0.5,1.5,0.5,B,0.5,0.5,1.5,0.5,B,0.5,0.5,1.5,0.5,B,1.0,-1.0,-1.0,B,-1.0,-1.0,1.0,B,1.5,0.5,0.5,0.5,B
1.5,0.5,B,1.0,-1.0,-1.0,B,-1.0,-1.0,1.0,B,1.5,0.5,0.5,0.5,B,0.5,0.5,0.5,0.5,0.5,0.5,B,1.0,1.0,1.0,B,2.0,1.0,B,1.5,0.5
0.5,0.5,0.5,0.5,0.5,0.5,B,1.0,1.0,1.0,B,2.0,1.0,B,1.5,0.5,0.5,0.5,B,0.5,0.5,0.5,0.5,0.5,0.5,B,1.0,1.0,1.0,B,2.0,1.0
0.5,0.5,B,0.5,0.5,0.5,0.5,0.5,0.5,B,1.0,1.0,1.0,B,2.0,1.0,B,1.5,0.5,0.5,0.5,B,0.5,0.5,0.5,0.5,0.5,0.5,B,0.5,1.0,1.0
B,1.5,0.5,0.5,0.5,B,0.5,0.5,0.5,0.5,0.5,0.5,B,0.5,1.0,1.0,0.5,B,0.5,1.0,1.0,0.5,B,1.0,-1.0,-1.0,B,-3.0,B,1.5,0.5,0.5
0.5,B,0.5,1.0,1.0,0.5,B,1.0,-1.0,-1.0,B,-3.0,B,1.5,0.5,0.5,0.5,B,0.5,0.5,0.5,0.5,0.5,0.5,B,1.0,-1.0,-1.0,B,1.0,-1.0,-1.0
0.5,B,0.5,0.5,0.5,0.5,0.5,0.5,B,1.0,-1.0,-1.0,B,1.0,-1.0,-1.0,B,-1.0,1.0,1.0,B,1.0,-1.0,-1.0,B,-1.0,1.0,1.0,B,3.0,B,1.0
B,-1.0,1.0,1.0,B,1.0,-1.0,-1.0,B,-1.0,1.0,1.0,B,3.0,B,1.0,1.0,1.0,B,1.0,-1.0,1.0,B,1.5,0.5,0.5,0.5,B,2.0,1.0,B,1.0
1.0,1.0,B,1.0,-1.0,1.0,B,1.5,0.5,0.5,0.5,B,2.0,1.0,B,1.0,-1.0,-1.0,B,-1.0,-1.0,1.0,B,1.5,0.5,0.5,0.5,B,1.0,-1.0,1.0,B
-1.0,-1.0,B,-1.0,-1.0,1.0,B,1.5,0.5,0.5,0.5,B,1.0,-1.0,1.0,B,1.5,0.5,0.5,0.5,B,1.0,-1.0,1.0,B,1.5,0.5,0.5,0.5,B,1.0,-1.0
1.5,0.5,0.5,0.5,B,1.0,-1.0,1.0,B,1.5,0.5,0.5,0.5,B,1.0,-1.0,1.0,B,1.5,0.5,0.5,0.5,B,1.0,-1.0,1.0,B,1.5,0.5,0.5,0.5,B
1.0,B,1.5,0.5,0.5,0.5,B,1.0,-1.0,1.0,B,1.5,0.5,0.5,0.5,B,2.0,-0.5,0.5,B,0.5,0.5,1.5,0.5,B,0.5,0.5,1.5,0.5,B,0.5,0.5
2.0,-0.5,0.5,B,0.5,0.5,1.5,0.5,B,0.5,0.5,1.5,0.5,B,0.5,0.5,1.5,0.5,B,0.5,0.5,0.5,0.5,0.5,0.5,B,0.5,0.5,0.5,0.5,0.5,0.5
1.5,0.5,B,0.5,0.5,0.5,0.5,0.5,0.5,B,0.5,0.5,0.5,0.5,0.5,0.5,B,0.5,0.5,0.5,0.5,0.5,0.5,B,1.0,1.0,1.0,B,1.0,2.0,B,1.0
B,0.5,0.5,0.5,0.5,0.5,0.5,B,1.0,1.0,1.0,B,1.0,2.0,B,1.0,2.0,B,1.0,1.0,1.0,B,1.0,-1.0,1.0,B,1.5,0.5,0.5,0.5,B,1.5
2.0,B,1.0,1.0,1.0,B,1.0,-1.0,1.0,B,1.5,0.5,0.5,0.5,B,1.5,0.5,0.5,0.5,B,0.5,0.5,0.5,0.5,0.5,0.5,B,2.0,1.0,B,2.0,1.0
0.5,0.5,0.5,B,0.5,0.5,0.5,0.5,0.5,0.5,B,2.0,1.0,B,2.0,1.0,B,0.5,0.5,0.5,0.5,0.5,0.5,B,0.5,0.5,0.5,0.5,0.5,0.5,B,2.0
B,0.5,0.5,0.5,0.5,0.5,0.5,B,0.5,0.5,0.5,0.5,0.5,0.5,B,2.0,-1.0,B,-3.0,B,1.0,1.0,1.0,B,1.0,-1.0,1.0,B,2.0,-1.0,B,-3.0
-1.0,B,-3.0,B,1.0,1.0,1.0,B,1.0,-1.0,1.0,B,2.0,-1.0,B,-3.0,B,1.0,1.0,1.0,B,1.0,-1.0,1.0,B,1.5,0.5,0.5,0.5,B,1.0,-1.0
B,1.0,1.0,1.0,B,1.0,-1.0,1.0,B,1.5,0.5,0.5,0.5,B,1.0,-1.0,1.0,B,1.5,0.5,0.5,0.5,B,1.0,-1.0,1.0,B,3.0,B,1.0,0.5,0.5
1.0,B,1.5,0.5,0.5,0.5,B,1.0,-1.0,1.0,B,3.0,B,1.0,0.5,0.5,0.5,0.5,B,0.5,0.5,0.5,0.5,0.5,0.5,B,1.0,-1.0,1.0,B,1.5,0.5
0.5,0.5,B,0.5,0.5,0.5,0.5,0.5,0.5,B,1.0,-1.0,1.0,B,1.5,0.5,0.5,0.5,B,0.5,0.5,0.5,0.5,0.5,0.5,B,1.0,1.0,1.0,B,1.0,1.0
0.5,0.5,B,0.5,0.5,0.5,0.5,0.5,0.5,B,1.0,1.0,1.0,B,1.0,1.0,1.0,B,1.0,1.0,1.0,B,0.5,-0.5,1.0,1.0,B,0.5,0.5,0.5,0.5,0.5
1.0,B,1.0,1.0,1.0,B,0.5,-0.5,1.0,1.0,B,0.5,0.5,0.5,0.5,0.5,0.5,B,1.0,-1.0,-1.0,B,-0.5,0.5,0.5,0.5,0.5,0.5,B,0.5,0.5,0.5
0.5,B,1.0,-1.0,-1.0,B,-0.5,0.5,0.5,0.5,0.5,0.5,B,0.5,0.5,0.5,0.5,0.5,0.5,B,0.5,0.5,0.5,0.5,0.5,0.5,B,0.5,0.5,0.5,0.5,0.5
0.5,0.5,0.5,B,0.5,0.5,0.5,0.5,0.5,0.5,B,0.5,0.5,0.5,0.5,0.5,0.5,B,1.0,2.0,B,1.0,2.0,B,1.0,2.0,B,1.0,2.0,B,0.5,0.5
0.5,B,1.0,2.0,B,1.0,2.0,B,1.0,2.0,B,1.0,2.0,B,0.5,0.5,0.5,0.5,0.5,0.5,B,0.5,0.5,0.5,0.5,0.5,0.5,B,0.5,0.5,0.5,0.5
0.5,0.5,0.5,0.5,B,0.5,0.5,0.5,0.5,0.5,0.5,B,0.5,0.5,0.5,0.5,0.5,0.5,B,1.0,-1.0,-1.0,B,3.0,B,1.0,-1.0,-1.0,B,-1.0,-1.0,1.0
0.5,0.5,B,1.0,-1.0,-1.0,B,3.0,B,1.0,-1.0,-1.0,B,-1.0,-1.0,1.0,B,1.0,1.0,-1.0,B,2.0,1.0,B,1.0,-1.0,-1.0,B,-1.0,-1.0,1.0,B
B,1.0,1.0,-1.0,B,2.0,1.0,B,1.0,-1.0,-1.0,B,-1.0,-1.0,1.0,B,1.0,-1.0,-1.0,B,2.0,1.0,B,1.0,-1.0,-1.0,B,0.3333,0.3333,0.3333,0.3333,0.3333
1.0,-1.0,-1.0,B,2.0,1.0,B,1.0,-1.0,-1.0,B,0.3333,0.3333,0.3333,0.3333,0.3333,0.3333,0.3333,0.3333,0.3333,B,1.0,1.0,-1.0,B,0.3333,0.3333,0.3333,0.3333,0.3333,0.3333,0.3333
0.3333,0.3333,0.3333,0.3333,B,1.0,1.0,-1.0,B,0.3333,0.3333,0.3333,0.3333,0.3333,0.3333,0.3333,0.3333,0.3333,B,1.0,-1.0,1.0,B,0.3333,0.3333,0.3333,0.3333,0.3333,0.3333,0.3333,0.3333,0.3333
0.3333,0.3333,B,1.0,-1.0,1.0,B,0.3333,0.3333,0.3333,0.3333,0.3333,0.3333,0.3333,0.3333,0.3333,B,1.0,-1.0,1.0,B,0.3333,0.3333,0.3333,0.3333,0.3333,0.3333,0.3333,0.3333,0.3333,B,2.0
B,1.0,-1.0,1.0,B,0.3333,0.3333,0.3333,0.3333,0.3333,0.3333,0.3333,0.3333,0.3333,B,2.0,1.0,B,1.0,2.0,B,2.0,1.0,B,1.0,2.0,B,-1.0,2.0,B,1.0,1.0
1.0,B,1.0,2.0,B,2.0,1.0,B,1.0,2.0,B,-1.0,2.0,B,1.0,1.0,1.0,B,1.0,1.0,1.0,B,1.0,-1.0,-1.0,B,-1.0,1.0,1.0,B,2.0,1.0
1.0,B,1.0,1.0,1.0,B,1.0,-1.0,-1.0,B,-1.0,1.0,1.0,B,2.0,1.0,B,2.0,1.0,B,3.0,B,3.0,B,1.0,0.5,0.5,1.0,B,1.0,1.0,1.0
B,2.0,1.0,B,3.0,B,3.0,B,1.0,0.5,0.5,1.0,B,1.0,1.0,1.0,B,3.0,B,2.0,1.0,B,1.0,-0.5,0.5,0.5,0.5,B,0.5,0.5,0.5,0.5
B,3.0,B,2.0,1.0,B,1.0,-0.5,0.5,0.5,0.5,B,0.5,0.5,0.5,0.5,0.5,0.5,B,1.5,0.5,0.5,0.5,B,0.5,0.5,0.5,0.5,0.5,0.5,B,1.0
0.5,0.5,B,1.5,0.5,0.5,0.5,B,0.5,0.5,0.5,0.5,0.5,0.5,B,1.0,-1.0,-1.0,B,3.0,B,3.0,B,1.0,2.0,B,-3.0,B,1.0,2.0,B,0.5
-1.0,-1.0,B,3.0,B,3.0,B,1.0,2.0,B,-3.0,B,1.0,2.0,B,0.5,0.5,0.5,0.5,0.5,0.5,B,0.5,0.5,0.5,0.5,0.5,0.5,B,0.5,0.5,0.5
0.5,0.5,0.5,0.5,0.5,B,0.5,0.5,0.5,0.5,0.5,0.5,B,0.5,0.5,0.5,0.5,0.5,0.5,B,0.5,0.5,0.5,0.5,0.5,0.5,B,1.0,1.0,-1.0,B,1.0
0.5,0.5,0.5,B,0.5,0.5,0.5,0.5,0.5,0.5,B,1.0,1.0,-1.0,B,1.0,1.0,-1.0,B,1.0,1.0,-1.0,B,1.0,1.0,-1.0,B,3.0,B,3.0,B,2.0
1.0,-1.0,B,1.0,1.0,-1.0,B,1.0,1.0,-1.0,B,3.0,B,3.0,B,2.0,1.0,B,2.0,1.0,B,1.0,-1.0,-1.0,B,-3.0,B,-1.0,-1.0,1.0,B,2.0
1.0,B,2.0,1.0,B,1.0,-1.0,-1.0,B,-3.0,B,-1.0,-1.0,1.0,B,2.0,1.0,B,1.0,1.0,1.0,B,1.0,1.0,1.0,B,-0.5,0.5,-0.5,0.5,-0.5,0.5
1.0,B,1.0,1.0,1.0,B,1.0,1.0,1.0,B,-0.5,0.5,-0.5,0.5,-0.5,0.5,B,-0.5,0.5,-0.5,0.5,-0.5,0.5,B,1.0,-1.0,-1.0,B,-1.0,-1.0,1.0,B
B,-0.5,0.5,-0.5,0.5,-0.5,0.5,B,1.0,-1.0,-1.0,B,-1.0,-1.0,1.0,B,1.5,0.5,0.5,0.5,B,3.0,B,1.0,-1.0,1.0,B,1.5,0.5,0.5,0.5,B
1.5,0.5,0.5,0.5,B,3.0,B,1.0,-1.0,1.0,B,1.5,0.5,0.5,0.5,B,0.5,0.5,0.5,0.5,0.5,0.5,B,0.5,0.5,0.5,0.5,0.5,0.5,B,1.0,-1.0
0.5,0.5,0.5,0.5,0.5,0.5,B,0.5,0.5,0.5,0.5,0.5,0.5,B,1.0,-1.0,-1.0,B,2.0,1.0,B,1.0,1.0,-1.0,B,2.0,1.0,B,1.0,1.0,-1.0,B
-1.0,B,2.0,1.0,B,1.0,1.0,-1.0,B,2.0,1.0,B,1.0,1.0,-1.0,B,3.0,B,3.0,B,3.0,B,1.0,-1.0,-1.0,B,1.0,1.0,1.0,B,1.0,0.75
3.0,B,3.0,B,3.0,B,1.0,-1.0,-1.0,B,1.0,1.0,1.0,B,1.0,0.75,0.25,1.0,B,2.0,1.0,B,1.0,1.0,-1.0,B,-3.0,B,-3.0,B,2.0,1.0
0.25,1.0,B,2.0,1.0,B,1.0,1.0,-1.0,B,-3.0,B,-3.0,B,2.0,1.0,B,1.0,1.0,-1.0,B,1.0,1.0,1.0,B,1.0,0.75,0.25,1.0,B,1.0,1.0
B,1.0,1.0,-1.0,B,1.0,1.0,1.0,B,1.0,0.75,0.25,1.0,B,1.0,1.0,1.0,B,1.0,0.75,0.25,1.0,B,1.0,1.0,1.0,B,1.0,1.0,1.0,B,1.0
1.0,B,1.0,0.75,0.25,1.0,B,1.0,1.0,1.0,B,1.0,1.0,1.0,B,1.0,1.0,1.0,B,1.0,-1.0,-1.0,B,3.0,B,3.0,B,1.0,1.0,1.0,B,1.0
1.0,1.0,B,1.0,-1.0,-1.0,B,3.0,B,3.0,B,1.0,1.0,1.0,B,1.0,-1.0,-1.0,B,1.0,1.0,1.0,B,1.0,0.75,0.25,1.0,B,1.0,1.0,1.0,B
-1.0,-1.0,B,1.0,1.0,1.0,B,1.0,0.75,0.25,1.0,B,1.0,1.0,1.0,B,1.0,0.75,0.25,1.0,B,-3.0,B,-3.0,B,3.0,B,-3.0,B,3.0,B,1.0
1.0,0.75,0.25,1.0,B,-3.0,B,-3.0,B,3.0,B,-3.0,B,3.0,B,1.0,1.0,1.0,B,1.0,0.75,0.25,1.0,B,1.0,1.0,1.0,B,1.0,0.75,0.25,1.0
1.0,1.0,B,1.0,0.75,0.25,1.0,B,1.0,1.0,1.0,B,1.0,0.75,0.25,1.0,B,1.0,1.0,1.0,B,1.0,-1.0,-1.0,B,-3.0,B,2.0,1.0,B,1.0,1.0
B,1.0,1.0,1.0,B,1.0,-1.0,-1.0,B,-3.0,B,2.0,1.0,B,1.0,1.0,-1.0,B,1.0,1.0,1.0,B,2.0,-1.0,B,-1.0,1.0,1.0,B,1.0,1.0,1.0
-1.0,B,1.0,1.0,1.0,B,2.0,-1.0,B,-1.0,1.0,1.0,B,1.0,1.0,1.0,B,1.0,1.0,1.0,B,1.0,0.75,0.25,1.0,B,-1.0,1.0,1.0,B,1.0,1.0
B,1.0,1.0,1.0,B,1.0,0.75,0.25,1.0,B,-1.0,1.0,1.0,B,1.0,1.0,1.0,B,1.0,1.0,1.0,B,1.0,0.75,0.25,1.0,B,1.0,1.0,1.0,B,1.0
1.0,B,1.0,1.0,1.0,B,1.0,0.75,0.25,1.0,B,1.0,1.0,1.0,B,1.0,0.75,0.25,1.0,B,-3.0,B,1.0,1.0,1.0,B,1.0,0.75,0.25,1.0,B,1.0
0.75,0.25,1.0,B,-3.0,B,1.0,1.0,1.0,B,1.0,0.75,0.25,1.0,B,1.0,1.0,1.0,B,1.0,1.0,1.0,B,1.0,-1.0,-1.0,B,1.0,1.0,1.0,B,1.0
1.0,1.0,B,1.0,1.0,1.0,B,1.0,-1.0,-1.0,B,1.0,1.0,1.0,B,1.0,0.75,0.25,1.0,B,2.0,1.0,B,1.0,-1.0,-1.0,B,1.0,1.0,1.0,B,1.0
0.75,0.25,1.0,B,2.0,1.0,B,1.0,-1.0,-1.0,B,1.0,1.0,1.0,B,1.0,0.75,0.25,1.0,B,1.5,0.5,0.5,0.5,B,1.0,-1.0,-1.0,B,3.0,B,1.0
0.75,0.25,1.0,B,1.5,0.5,0.5,0.5,B,1.0,-1.0,-1.0,B,3.0,B,1.0,2.0,B,1.0,1.0,1.0,B,0.5,0.5,1.0,-1.0,B,3.0,B,1.0,1.0,1.0
2.0,B,1.0,1.0,1.0,B,0.5,0.5,1.0,-1.0,B,3.0,B,1.0,1.0,1.0,B,1.0,1.0,0.5,0.5,B,1.0,-1.0,-1.0,B,0.5,0.5,2.0,B,0.5,0.5
B,1.0,1.0,0.5,0.5,B,1.0,-1.0,-1.0,B,0.5,0.5,2.0,B,0.5,0.5,2.0,B,0.5,0.5,2.0,B,0.5,0.5,2.0,B,1.0,-1.0,1.0,B,1.0,-1.0
2.0,B,0.5,0.5,2.0,B,0.5,0.5,2.0,B,1.0,-1.0,1.0,B,1.0,-1.0,-1.0,B,-1.0,1.0,0.5,0.5,B,1.0,1.0,1.0,B,1.0,1.0,1.0,B,1.0
-1.0,B,-1.0,1.0,0.5,0.5,B,1.0,1.0,1.0,B,1.0,1.0,1.0,B,1.0,1.0,1.0,B,0.5,0.5,0.5,0.5,0.5,0.5,B,1.0,1.0,-1.0,B,0.5,0.5
1.0,1.0,B,0.5,0.5,0.5,0.5,0.5,0.5,B,1.0,1.0,-1.0,B,0.5,0.5,0.5,0.5,0.5,0.5,B,0.5,0.5,0.5,0.5,0.5,0.5,B,1.0,-1.0,1.0,B
0.5,0.5,0.5,0.5,B,0.5,0.5,0.5,0.5,0.5,0.5,B,1.0,-1.0,1.0,B,1.0,0.5,0.5,0.5,0.5,B,3.0,B,1.0,1.0,1.0,B,0.5,0.5,0.5,0.5
1.0,0.5,0.5,0.5,0.5,B,3.0,B,1.0,1.0,1.0,B,0.5,0.5,0.5,0.5,0.5,0.5,B,0.5,0.5,1.0,-1.0,B,0.3333,0.3333,0.3333,2.0,B,0.5,0.125,0.125
0.5,0.5,B,0.5,0.5,1.0,-1.0,B,0.3333,0.3333,0.3333,2.0,B,0.5,0.125,0.125,0.125,0.125,1.0,1.0,B,1.0,0.5,0.5,0.5,0.5,B,1.0,-1.0,-1.0,B,-1.0
0.125,0.125,1.0,1.0,B,1.0,0.5,0.5,0.5,0.5,B,1.0,-1.0,-1.0,B,-1.0,B,0.5,-0.5,0.5,-0.5,B,0.5,-0.5,-1.0,B,-0.5,1.0,0.5,B,0.5,0.5
B,0.5,-0.5,0.5,-0.5,B,0.5,-0.5,-1.0,B,-0.5,1.0,0.5,B,0.5,0.5,0.5,0.5,B,0.5,0.5,0.5,0.5,B,0.5,0.5,1.0,B,0.5,-0.5,0.75,0.125
0.5,0.5,B,0.5,0.5,0.5,0.5,B,0.5,0.5,1.0,B,0.5,-0.5,0.75,0.125,0.125,B,0.5,-0.5,B,-1.0,B,-0.5,0.5,0.5,0.5,B,0.5,0.5,-0.5,0.5
0.125,B,0.5,-0.5,B,-1.0,B,-0.5,0.5,0.5,0.5,B,0.5,0.5,-0.5,0.5,B,-0.5,0.5,-0.5,0.5,B,1.0,0.5,0.5,B,0.5,0.5,0.5,0.5,B,0.5
B,-0.5,0.5,-0.5,0.5,B,1.0,0.5,0.5,B,0.5,0.5,0.5,0.5,B,0.5,0.5,0.5,0.5,B,0.5,-0.5,-0.5,0.5,B,0.5,1.0,0.5,B,0.1667,0.1667,0.1667
0.5,0.5,0.5,B,0.5,-0.5,-0.5,0.5,B,0.5,1.0,0.5,B,0.1667,0.1667,0.1667,0.1667,0.1667,0.1667,0.75,0.125,0.125,B,0.5,-0.5,B,-1.0,B,-0.5,0.5,0.5,0.5
0.1667,0.1667,0.1667,0.75,0.125,0.125,B,0.5,-0.5,B,-1.0,B,-0.5,0.5,0.5,0.5,B,-0.5,0.5,0.5,0.5,B,-0.5,0.5,0.5,0.5,B,-0.5,0.5,0.5,0.5,B
B,-0.5,0.5,0.5,0.5,B,-0.5,0.5,0.5,0.5,B,-0.5,0.5,0.5,0.5,B,0.5,0.5,0.5,0.5,B,0.5,1.0,0.5,B,0.5,0.5,0.125,0.125,0.125,0.125,0.125
0.5,0.5,0.5,0.5,B,0.5,1.0,0.5,B,0.5,0.5,0.125,0.125,0.125,0.125,0.125,0.125,0.125,0.125,B,0.5,-0.5,B,-1.0,B,-0.5,0.5,0.5,0.5,B,-0.5,0.5
0.125,0.125,0.125,B,0.5,-0.5,B,-1.0,B,-0.5,0.5,0.5,0.5,B,-0.5,0.5,0.5,0.5,B,-0.5,0.5,0.5,0.5,B,-0.5,0.5,0.5,0.5,B,0.5,0.5,0.5
0.5,0.5,B,-0.5,0.5,0.5,0.5,B,-0.5,0.5,0.5,0.5,B,0.5,0.5,0.5,0.5,B,0.5,0.5,0.5,0.5,B,0.5,-0.5,0.5,0.5,B,0.5,0.25,-0.25,1.0
0.5,B,0.5,0.5,0.5,0.5,B,0.5,-0.5,0.5,0.5,B,0.5,0.25,-0.25,1.0,B,0.25,-0.25,0.25,-0.25,0.375,0.125,0.125,0.125,0.125,0.125,B,0.5,-0.5,B,0.125
B,0.25,-0.25,0.25,-0.25,0.375,0.125,0.125,0.125,0.125,0.125,B,0.5,-0.5,B,0.125,0.125,0.125,0.125,0.125,0.125,0.125,0.125,B,0.125,0.125,0.125,0.125,0.125,0.125,0.125,0.125
0.125,0.125,0.125,0.125,0.125,0.125,0.125,B,0.125,0.125,0.125,0.125,0.125,0.125,0.125,0.125,0.125,0.125,0.125,0.125,0.125,0.125,0.125,0.125,B,0.125,0.125,0.125,0.125,0.125,0.125,0.125
0.125,0.125,0.125,0.125,0.125,0.125,0.125,0.125,B,0.125,0.125,0.125,0.125,0.125,0.125,0.125,0.125,0.125,0.125,0.125,0.125,0.125,0.125,0.125,0.125,B,0.125,0.125,0.125,0.125,0.125,0.125
0.125,0.125,0.125,0.125,0.125,0.125,0.125,0.125,0.125,B,0.125,0.125,0.125,0.125,0.125,0.125,0.125,0.125,0.125,0.125,0.125,0.125,0.125,0.125,0.125,0.125,B,0.125,0.125,0.125,0.125,0.125
0.125,0.125,0.125,0.125,0.125,0.125,0.125,0.125,0.125,0.125,B,0.125,0.125,0.125,0.125,0.125,0.125,0.125,0.125,0.125,0.125,0.125,0.125,0.125,0.125,0.125,0.125,B,0.125,0.125,0.125,0.125
0.125,0.125,0.125,0.125,0.125,0.125,0.125,0.125,0.125,0.125,0.125,B,0.125,0.125,0.125,0.125,0.125,0.125,0.125,0.125,0.125,0.125,0.125,0.125,0.125,0.125,0.125,0.125,B,0.125,0.125,0.125
0.125,0.125,0.125,0.125,0.125,0.125,0.125,0.125,0.125,0.125,0.125,0.125,B,0.125,0.125,0.125,0.125,0.125,0.125,0.125,0.125,0.125,0.125,0.125,0.125,0.125,0.125,0.125,0.125,B,0.125,0.125
0.125,0.125,0.125,0.125,0.125,0.125,0.125,0.125,0.125,0.125,0.125,0.125,0.125,B,0.125,0.125,0.125,0.125,0.125,0.125,0.125,0.125,0.125,0.125,0.125,0.125,0.125,0.125,0.125,0.125,B,0.125
0.125,0.125,0.125,0.125,0.125,0.125,0.125,0.125,0.125,0.125,0.125,0.125,0.125,0.125,B,0.125,0.125,0.125,0.125,0.125,0.125,0.125,0.125,B,0.125,0.125,0.125,0.125,0.125,0.125,0.125,0.125
0.125,0.125,0.125,0.125,0.125,0.125,0.125,B,0.125,0.125,0.125,0.125,0.125,0.125,0.125,0.125,B,0.125,0.125,0.125,0.125,0.125,0.125,0.125,0.125,B,0.125,0.125,0.125,0.125,0.125,0.125
B,0.125,0.125,0.125,0.125,0.125,0.125,0.125,0.125,B,0.125,0.125,0.125,0.125,0.125,0.125,0.125,0.125,0.125,0.125,0.125,0.125,0.125,0.125,0.125,0.125,B,0.125,0.125,0.125,0.125,0.125
0.125,0.125,0.125,0.125,0.125,0.125,0.125,0.125,0.125,0.125,B,0.125,0.125,0.125,0.125,0.125,0.125,0.125,0.125,0.125,0.125,0.125,0.125,0.125,0.125,0.125,0.125,B,0.125,0.125,0.125,0.125
0.125,0.125,0.125,0.125,0.125,0.125,0.125,0.125,0.125,0.125,0.125,B,0.125,0.125,0.125,0.125,0.125,0.125,0.125,0.125,0.125,0.125,0.125,0.125,0.125,0.125,0.125,0.125,B,0.125,0.125,0.125
0.125,0.125,0.125,0.125,0.125,0.125,0.125,0.125,0.125,0.125,0.125,0.125,B,0.125,0.125,0.125,0.125,0.125,0.125,0.125,0.125,0.125,0.125,0.125,0.125,0.125,0.125,0.125,0.125,B,0.125,0.125
0.125,0.125,0.125,0.125,0.125,0.125,0.125,0.125,0.125,0.125,0.125,0.125,0.125,B,0.125,0.125,0.125,0.125,0.125,0.125,0.125,0.125,0.125,0.125,0.125,0.125,0.125,0.125,0.125,0.125,B,0.125
0.125,0.125,0.125,0.125,0.125,0.125,0.125,0.125,0.125,0.125,0.125,0.125,0.125,0.125,B,0.125,0.125,0.125,0.125,0.125,0.125,0.125,0.125,0.125,0.125,0.125,0.125,0.125,0.125,0.125,0.125,B
0.125,0.125,0.125,0.125,0.125,0.125,0.125,0.125,0.125,0.125,0.125,0.125,0.125,0.125,0.125,B,0.125,0.125,0.125,0.125,0.125,0.125,0.125,0.125,0.125,0.125,0.125,0.125,0.125,0.125,0.125,0.125
0.125,0.125,0.125,0.125,0.125,0.125,0.125,0.125,0.125,0.125,0.125,0.125,0.125,0.125,0.125,0.125,B,0.125,0.125,0.125,0.125,0.125,0.125,0.125,0.125,0.125,0.125,0.125,0.125,0.125,0.125,0.125
B,0.125,0.125,0.125,0.125,0.125,0.125,0.125,0.125,0.125,0.125,0.125,0.125,0.125,0.125,0.125,0.125,B,0.125,0.125,0.125,0.125,0.125,0.125,0.125,0.125,0.125,0.125,0.125,0.125,0.125,0.125
0.125,B,0.125,0.125,0.125,0.125,0.125,0.125,0.125,0.125,0.125,0.125,0.125,0.125,0.125,0.125,0.125,0.125,B,0.125,0.125,0.125,0.125,0.125,0.125,0.125,0.125,B,0.5,-0.5,B,0.375
0.125,0.125,B,0.125,0.125,0.125,0.125,0.125,0.125,0.125,0.125,B,0.5,-0.5,B,0.375,0.125,0.375,0.125,B,0.5,-0.5,-1.0,B,-1.0,0.375,0.125,0.375,0.125,B,0.5,-0.5
0.125,0.375,0.125,B,0.5,-0.5,-1.0,B,-1.0,0.375,0.125,0.375,0.125,B,0.5,-0.5,-1.0,B,-2.0,B,-2.0,B,-1.0,0.5,0.5,B,0.5,0.5,0.75,0.25,B,0.5
-1.0,B,-2.0,B,-2.0,B,-1.0,0.5,0.5,B,0.5,0.5,0.75,0.25,B,0.5,-0.5,B,0.375,0.125,0.375,0.125,B,0.5,-0.5,-1.0,B,-1.0,0.375,0.125,0.125,0.125
-0.5,B,0.375,0.125,0.375,0.125,B,0.5,-0.5,-1.0,B,-1.0,0.375,0.125,0.125,0.125,0.125,0.125,B,0.5,-0.5,-1.0,B,-1.0,-0.5,0.5,B,0.5,0.5,0.5,0.5,B
0.125,0.125,B,0.5,-0.5,-1.0,B,-1.0,-0.5,0.5,B,0.5,0.5,0.5,0.5,B,0.5,0.5,-0.5,0.5,B,0.5,0.5,0.5,0.5,B,0.5,0.5,0.5,0.5,B,0.5
0.5,0.5,-0.5,0.5,B,0.5,0.5,0.5,0.5,B,0.5,0.5,0.5,0.5,B,0.5,0.5,0.75,0.125,0.125,B,0.5,-0.5,B,0.5,0.5,B,1.5,0.5,B,1.5,0.5
0.5,0.75,0.125,0.125,B,0.5,-0.5,B,0.5,0.5,B,1.5,0.5,B,1.5,0.5,B,1.5,0.5,B,0.5,0.5,-0.5,0.5,B,0.5,0.5,-0.1667,0.1667,0.1667,0.1667,0.1667
B,1.5,0.5,B,0.5,0.5,-0.5,0.5,B,0.5,0.5,-0.1667,0.1667,0.1667,0.1667,0.1667,0.1667,B,0.1667,0.1667,0.1667,0.1667,0.1667,0.1667,0.75,-0.125,0.125,B,0.75,-0.125,0.125,0.5
0.1667,B,0.1667,0.1667,0.1667,0.1667,0.1667,0.1667,0.75,-0.125,0.125,B,0.75,-0.125,0.125,0.5,0.5,B,0.5,-0.5,B,-1.0,B,-0.1667,0.1667,0.1667,0.1667,0.1667,0.1667,0.5,-0.5,B
0.5,B,0.5,-0.5,B,-1.0,B,-0.1667,0.1667,0.1667,0.1667,0.1667,0.1667,0.5,-0.5,B,-0.1667,0.1667,0.1667,0.1667,0.1667,0.1667,0.5,-0.5,B,-0.1667,0.1667,0.1667,0.1667,0.1667,0.1667,-0.1667
-0.1667,0.1667,0.1667,0.1667,0.1667,0.1667,0.5,-0.5,B,-0.1667,0.1667,0.1667,0.1667,0.1667,0.1667,-0.1667,0.1667,0.1667,0.1667,0.1667,0.1667,B,0.5,-0.5,-1.0,B,-0.1667,0.1667,0.1667,0.1667,0.1667,0.1667
0.1667,0.1667,0.1667,0.1667,0.1667,B,0.5,-0.5,-1.0,B,-0.1667,0.1667,0.1667,0.1667,0.1667,0.1667,0.5,-0.5,B,-0.1667,0.1667,0.1667,0.1667,0.1667,0.1667,0.5,-0.5,B,-0.1667,0.1667,0.1667,0.1667
0.5,-0.5,B,-0.1667,0.1667,0.1667,0.1667,0.1667,0.1667,0.5,-0.5,B,-0.1667,0.1667,0.1667,0.1667,0.1667,0.1667,0.5,-0.5,B,-1.0,0.5,0.5,B,0.5,0.5,-0.1667,0.1667,0.1667,0.1667,0.1667
0.1667,0.1667,0.5,-0.5,B,-1.0,0.5,0.5,B,0.5,0.5,-0.1667,0.1667,0.1667,0.1667,0.1667,0.1667,B,0.1667,0.1667,0.1667,0.1667,0.1667,0.1667,0.75,-0.125,0.125,B,0.75,-0.125,0.125,0.5
0.1667,B,0.1667,0.1667,0.1667,0.1667,0.1667,0.1667,0.75,-0.125,0.125,B,0.75,-0.125,0.125,0.5,0.5,B,0.5,-0.5,0.75,-0.125,0.125,B,0.75,-0.125,0.125,0.5,0.5,B,0.5,-0.5
0.5,B,0.5,-0.5,0.75,-0.125,0.125,B,0.75,-0.125,0.125,0.5,0.5,B,0.5,-0.5,B,-1.0,B,-1.0,0.5,0.5,B,0.5,1.0,0.5,B,0.5,0.5,0.5,0.5,B
B,-1.0,B,-1.0,0.5,0.5,B,0.5,1.0,0.5,B,0.5,0.5,0.5,0.5,B,0.5,0.5,0.375,0.125,0.375,0.125,B,0.5,0.5,0.375,0.125,0.375,0.125,B,0.5,0.5
0.5,0.5,0.375,0.125,0.375,0.125,B,0.5,0.5,0.375,0.125,0.375,0.125,B,0.5,0.5,0.375,0.125,0.375,0.125,B,1.0,0.25,0.125,0.125,0.25,0.25,B,0.5,-0.5,-1.0,B
0.375,0.125,0.375,0.125,B,1.0,0.25,0.125,0.125,0.25,0.25,B,0.5,-0.5,-1.0,B,-1.0,0.5,0.5,B,0.5,1.0,0.5,B,0.5,0.375,0.125,0.375,0.125,0.375,0.125,B
-1.0,0.5,0.5,B,0.5,1.0,0.5,B,0.5,0.375,0.125,0.375,0.125,0.375,0.125,B,0.5,1.0,0.5,B,0.5,0.375,0.125,0.5,0.5,B,0.375,0.125,0.375,0.125,0.5,0.5
0.5,1.0,0.5,B,0.5,0.375,0.125,0.5,0.5,B,0.375,0.125,0.375,0.125,0.5,0.5,B,0.375,0.125,0.375,0.125,0.75,0.125,0.125,B,0.5,-0.5,0.5,0.5,B,0.5,1.0
B,0.375,0.125,0.375,0.125,0.75,0.125,0.125,B,0.5,-0.5,0.5,0.5,B,0.5,1.0,0.5,B,0.5,0.5,0.375,0.125,0.375,0.125,B,0.5,1.0,0.5,B,0.5,0.375,0.125
0.5,B,0.5,0.5,0.375,0.125,0.375,0.125,B,0.5,1.0,0.5,B,0.5,0.375,0.125,0.5,-0.5,B,0.5,0.5,0.5,0.5,B,0.375,0.125,0.375,0.125,0.5,0.5,B,0.5
0.5,-0.5,B,0.5,0.5,0.5,0.5,B,0.375,0.125,0.375,0.125,0.5,0.5,B,0.5,0.5,0.5,0.5,B,0.5,-0.5,-1.0,B,-1.0,-0.5,0.5,B,0.375,0.125,0.375,0.125
0.5,0.5,0.5,B,0.5,-0.5,-1.0,B,-1.0,-0.5,0.5,B,0.375,0.125,0.375,0.125,0.5,0.5,B,0.375,0.125,0.375,0.125,0.5,0.5,B,0.5,0.25,0.125,0.125,0.5,-0.5
0.5,0.5,B,0.375,0.125,0.375,0.125,0.5,0.5,B,0.5,0.25,0.125,0.125,0.5,-0.5,B,0.5,0.5,0.5,0.5,B,0.375,0.125,0.375,0.125,0.375,0.125,0.5,B,0.5,0.5
B,0.5,0.5,0.5,0.5,B,0.375,0.125,0.375,0.125,0.375,0.125,0.5,B,0.5,0.5,0.5,0.5,B,0.5,-0.5,B,-1.0,B,1.5,0.5,B,2.0,B,2.0,B,0.5
0.5,0.5,B,0.5,-0.5,B,-1.0,B,1.5,0.5,B,2.0,B,2.0,B,0.5,-0.5,0.5,0.5,B,0.5,0.5,0.5,0.5,B,0.5,0.5,0.5,0.5,B,0.5,1.0
-0.5,0.5,0.5,B,0.5,0.5,0.5,0.5,B,0.5,0.5,0.5,0.5,B,0.5,1.0,0.5,B,0.5,0.25,-0.25,B,0.5,0.5,B,0.5,0.5,0.5,0.5,B,0.5,0.5
0.5,B,0.5,0.25,-0.25,B,0.5,0.5,B,0.5,0.5,0.5,0.5,B,0.5,0.5,0.5,0.5,B,1.5,0.5,B,0.5,0.25,-0.25,0.5,0.5,B,0.5,0.5,0.5,0.5
0.5,0.5,B,1.5,0.5,B,0.5,0.25,-0.25,0.5,0.5,B,0.5,0.5,0.5,0.5,B,1.0,0.5,0.5,B,0.5,0.5,1.0,B,-0.5,0.5,0.5,0.5,B,0.5,1.0
B,1.0,0.5,0.5,B,0.5,0.5,1.0,B,-0.5,0.5,0.5,0.5,B,0.5,1.0,0.5,B,0.5,-0.5,B,0.5,-0.5,B,-1.0,B,2.0,B,1.0,-1.0,B,1.0
0.5,B,0.5,-0.5,B,0.5,-0.5,B,-1.0,B,2.0,B,1.0,-1.0,B,1.0,0.5,0.5,B,0.75,0.25,0.5,-0.5,B,2.0,B,0.5,-0.5,0.5,-0.5,B,0.5
0.5,0.5,B,0.75,0.25,0.5,-0.5,B,2.0,B,0.5,-0.5,0.5,-0.5,B,0.5,0.5,0.5,0.5,B,0.25,0.125,0.125,0.25,0.25,0.25,0.25,0.25,0.25,B,0.25,0.125
0.5,0.5,0.5,B,0.25,0.125,0.125,0.25,0.25,0.25,0.25,0.25,0.25,B,0.25,0.125,0.125,0.25,0.25,0.25,0.25,0.25,0.25,B,0.25,0.125,0.125,0.25,0.25,0.25,0.25,0.25
0.125,0.25,0.25,0.25,0.25,0.25,0.25,B,0.25,0.125,0.125,0.25,0.25,0.25,0.25,0.25,0.25,B,0.25,0.125,0.125,0.25,0.25,0.25,0.25,0.25,0.25,B,1.0,-0.5,0.5,B
0.25,B,0.25,0.125,0.125,0.25,0.25,0.25,0.25,0.25,0.25,B,1.0,-0.5,0.5,B,1.5,0.5,B,0.75,0.25,0.75,0.25,B,0.75,0.25,0.75,0.25,B,1.0,0.5,-0.5
1.5,0.5,B,0.75,0.25,0.75,0.25,B,0.75,0.25,0.75,0.25,B,1.0,0.5,-0.5,B,-2.0,B,-0.5,1.0,0.5,B,0.5,-0.5,-1.0,B,1.0,1.0,B,0.5,0.5
B,-2.0,B,-0.5,1.0,0.5,B,0.5,-0.5,-1.0,B,1.0,1.0,B,0.5,0.5,-1.0,B,-0.5,1.0,0.5,B,0.5,0.5,0.5,0.5,B,0.5,0.5,0.5,0.5,B
-1.0,B,-0.5,1.0,0.5,B,0.5,0.5,0.5,0.5,B,0.5,0.5,0.5,0.5,B,0.5,0.5,0.5,0.5,B,0.5,-0.5,-0.5,0.5,B,0.5,1.0,0.5,B,0.1667,0.1667
0.5,0.5,0.5,0.5,B,0.5,-0.5,-0.5,0.5,B,0.5,1.0,0.5,B,0.1667,0.1667,0.1667,0.1667,0.1667,0.1667,0.75,0.125,0.125,B,0.5,-0.5,-1.0,B,0.5,0.5,0.5,-0.5
0.1667,0.1667,0.1667,0.1667,0.75,0.125,0.125,B,0.5,-0.5,-1.0,B,0.5,0.5,0.5,-0.5,B,0.375,0.125,0.375,0.125,0.5,0.5,B,0.5,0.5,0.5,0.5,B,0.5,1.0,0.5
B,0.375,0.125,0.375,0.125,0.5,0.5,B,0.5,0.5,0.5,0.5,B,0.5,1.0,0.5,B,0.5,0.5,0.375,0.125,0.375,0.125,B,0.5,0.5,0.5,0.5,B,0.5,0.5,0.375
B,0.5,0.5,0.375,0.125,0.375,0.125,B,0.5,0.5,0.5,0.5,B,0.5,0.5,0.375,0.125,0.375,0.125,B,1.0,-1.0,B,1.5,0.5,B,1.0,-1.0,B,1.5,0.5,B
0.125,0.375,0.125,B,1.0,-1.0,B,1.5,0.5,B,1.0,-1.0,B,1.5,0.5,B,0.5,-0.5,0.5,-0.5,B,1.0,-1.0,B,-4.0,B,-1.0,1.0,1.0,1.0,B,1.0
0.5,-0.5,0.5,-0.5,B,1.0,-1.0,B,-4.0,B,-1.0,1.0,1.0,1.0,B,1.0,1.0,1.0,1.0,B,1.0,1.5,0.5,0.5,0.5,B,1.0,-1.0,-2.0,B,-1.0,1.0
1.0,1.0,1.0,B,1.0,1.5,0.5,0.5,0.5,B,1.0,-1.0,-2.0,B,-1.0,1.0,1.0,1.0,B,1.0,1.0,1.0,1.0,B,1.0,-1.0,-2.0,B,-1.0,1.5,0.5,0.5
1.0,1.0,B,1.0,1.0,1.0,1.0,B,1.0,-1.0,-2.0,B,-1.0,1.5,0.5,0.5,0.5,B,1.0,-1.0,-2.0,B,-1.0,1.5,0.5,0.5,0.5,B,1.0,-1.0,-2.0,B
0.5,B,1.0,-1.0,-2.0,B,-1.0,1.5,0.5,0.5,0.5,B,1.0,-1.0,-2.0,B,-1.0,1.0,1.0,1.0,B,1.0,1.5,0.5,0.5,0.5,B,1.0,1.5,0.5,0.5,0.5
-1.0,1.0,1.0,1.0,B,1.0,1.5,0.5,0.5,0.5,B,1.0,1.5,0.5,0.5,0.5,B,0.5,0.5,0.5,0.5,0.5,0.5,0.5,0.5,B,1.0,-1.0,-2.0,B,2.0,1.0
B,0.5,0.5,0.5,0.5,0.5,0.5,0.5,0.5,B,1.0,-1.0,-2.0,B,2.0,1.0,1.0,B,1.0,1.0,1.0,1.0,B,0.5,0.5,0.5,0.5,0.5,0.5,0.5,0.5,B
1.0,B,1.0,1.0,1.0,1.0,B,0.5,0.5,0.5,0.5,0.5,0.5,0.5,0.5,B,1.0,-1.0,-2.0,B,2.0,1.0,1.0,B,1.0,1.0,1.0,1.0,B,0.5,0.5,0.5
1.0,-1.0,-2.0,B,2.0,1.0,1.0,B,1.0,1.0,1.0,1.0,B,0.5,0.5,0.5,0.5,0.5,0.5,0.5,0.5,B,1.0,1.0,1.0,1.0,B,0.5,0.5,0.5,0.5,1.0
0.5,0.5,0.5,0.5,0.5,B,1.0,1.0,1.0,1.0,B,0.5,0.5,0.5,0.5,1.0,1.0,B,0.5,0.5,0.5,0.5,1.5,0.5,B,1.5,0.5,2.0,B,1.0,-1.0,-2.0
1.0,B,0.5,0.5,0.5,0.5,1.5,0.5,B,1.5,0.5,2.0,B,1.0,-1.0,-2.0,B,-4.0,B,-2.0,-1.0,1.0,B,0.5,0.5,0.5,0.5,1.0,1.0,B,0.5,0.5
B,-4.0,B,-2.0,-1.0,1.0,B,0.5,0.5,0.5,0.5,1.0,1.0,B,0.5,0.5,0.5,0.5,1.5,0.5,B,1.5,0.5,1.5,0.5,B,1.5,0.5,1.0,1.0,B,1.0
0.5,0.5,1.5,0.5,B,1.5,0.5,1.5,0.5,B,1.5,0.5,1.0,1.0,B,1.0,-1.0,-1.0,1.0,B,0.5,0.5,0.5,0.5,1.0,-1.0,B,-1.0,2.0,1.0,B,1.0
-1.0,-1.0,1.0,B,0.5,0.5,0.5,0.5,1.0,-1.0,B,-1.0,2.0,1.0,B,1.0,1.5,0.5,0.5,0.5,B,1.0,-1.0,-2.0,B,-4.0,B,2.0,1.0,1.0,B,2.0
1.5,0.5,0.5,0.5,B,1.0,-1.0,-2.0,B,-4.0,B,2.0,1.0,1.0,B,2.0,2.0,B,4.0,B,2.0,1.0,1.0,B,1.0,-1.0,-2.0,B,2.0,1.0,1.0,B
2.0,B,4.0,B,2.0,1.0,1.0,B,1.0,-1.0,-2.0,B,2.0,1.0,1.0,B,1.0,1.0,1.0,1.0,B,1.0,0.5,0.5,2.0,B,0.5,0.5,0.5,0.5,0.5,0.5
1.0,1.0,1.0,1.0,B,1.0,0.5,0.5,2.0,B,0.5,0.5,0.5,0.5,0.5,0.5,0.5,0.5,B,0.5,0.5,0.5,0.5,0.5,0.5,0.5,0.5,B,0.5,0.5,0.5,0.5
0.5,0.5,B,0.5,0.5,0.5,0.5,0.5,0.5,0.5,0.5,B,0.5,0.5,0.5,0.5,0.5,0.5,0.5,0.5,B,0.5,0.5,0.5,0.5,0.5,0.5,0.5,0.5,B,0.5,0.5
0.5,0.5,0.5,0.5,B,0.5,0.5,0.5,0.5,0.5,0.5,0.5,0.5,B,0.5,0.5,0.5,0.5,0.5,0.5,0.5,0.5,B,1.0,2.0,1.0,B,1.0,2.0,1.0,B,1.0
0.5,0.5,0.5,0.5,0.5,0.5,B,1.0,2.0,1.0,B,1.0,2.0,1.0,B,1.0,2.0,1.0,B,2.0,2.0,B,0.5,0.5,-1.0,-2.0,B,-4.0,B,-4.0,B,2.0
2.0,1.0,B,2.0,2.0,B,0.5,0.5,-1.0,-2.0,B,-4.0,B,-4.0,B,2.0,2.0,B,2.0,2.0,B,-0.5,0.5,0.5,0.5,-0.5,0.5,0.5,0.5,B,-0.5,0.5
2.0,B,2.0,2.0,B,-0.5,0.5,0.5,0.5,-0.5,0.5,0.5,0.5,B,-0.5,0.5,0.5,0.5,-0.5,0.5,0.5,0.5,B,1.0,-1.0,-2.0,B,-2.0,-1.0,1.0,B,2.0
0.5,0.5,-0.5,0.5,0.5,0.5,B,1.0,-1.0,-2.0,B,-2.0,-1.0,1.0,B,2.0,1.0,-1.0,B,-2.0,-1.0,1.0,B,2.0,1.0,0.5,0.5,B,0.5,0.5,0.5,0.5
1.0,-1.0,B,-2.0,-1.0,1.0,B,2.0,1.0,0.5,0.5,B,0.5,0.5,0.5,0.5,1.0,1.0,B,2.0,1.0,0.5,0.5,B,0.5,0.5,0.5,0.5,1.0,1.0,B,2.0
1.0,1.0,B,2.0,1.0,0.5,0.5,B,0.5,0.5,0.5,0.5,1.0,1.0,B,2.0,1.0,1.0,B,2.0,1.0,1.0,B,2.0,1.0,1.0,B,1.0,-1.0,-1.0,1.0,B
1.0,1.0,B,2.0,1.0,1.0,B,2.0,1.0,1.0,B,1.0,-1.0,-1.0,1.0,B,1.0,-1.0,-2.0,B,2.0,1.0,1.0,B,1.0,-1.0,-2.0,B,-4.0,B,3.0,1.0
1.0,-1.0,-2.0,B,2.0,1.0,1.0,B,1.0,-1.0,-2.0,B,-4.0,B,3.0,1.0,B,1.0,1.0,1.0,1.0,B,1.0,-1.0,-2.0,B,-4.0,B,-4.0,B,2.0,1.0
B,1.0,1.0,1.0,1.0,B,1.0,-1.0,-2.0,B,-4.0,B,-4.0,B,2.0,1.0,1.0,B,2.0,2.0,B,4.0,B,2.0,1.0,1.0,B,1.0,-1.0,-2.0,B,2.0
1.0,B,2.0,2.0,B,4.0,B,2.0,1.0,1.0,B,1.0,-1.0,-2.0,B,2.0,1.0,1.0,B,1.0,1.0,1.0,1.0,B,1.0,0.5,0.5,2.0,B,0.5,0.5,0.5
1.0,1.0,B,1.0,1.0,1.0,1.0,B,1.0,0.5,0.5,2.0,B,0.5,0.5,0.5,0.5,0.5,0.5,0.5,0.5,B,1.0,-1.0,-2.0,B,-0.5,0.5,0.5,0.5,0.5,0.5
0.5,0.5,0.5,0.5,0.5,B,1.0,-1.0,-2.0,B,-0.5,0.5,0.5,0.5,0.5,0.5,0.5,0.5,B,1.0,-1.0,-2.0,B,-4.0,B,2.0,1.0,1.0,B,0.5,0.5,0.5
0.5,0.5,B,1.0,-1.0,-2.0,B,-4.0,B,2.0,1.0,1.0,B,0.5,0.5,0.5,0.5,0.5,0.5,0.5,0.5,B,2.0,1.0,1.0,B,0.5,0.5,0.5,0.5,0.5,0.5
0.5,0.5,0.5,0.5,0.5,B,2.0,1.0,1.0,B,0.5,0.5,0.5,0.5,0.5,0.5,0.5,0.5,B,2.0,1.0,1.0,B,1.0,1.0,1.0,1.0,B,1.0,1.0,1.0,1.0
0.5,0.5,B,2.0,1.0,1.0,B,1.0,1.0,1.0,1.0,B,1.0,1.0,1.0,1.0,B,0.5,0.5,0.5,0.5,0.5,0.5,0.5,0.5,B,0.5,0.5,0.5,0.5,0.5,0.5
B,0.5,0.5,0.5,0.5,0.5,0.5,0.5,0.5,B,0.5,0.5,0.5,0.5,0.5,0.5,0.5,0.5,B,2.0,1.0,1.0,B,0.5,0.5,0.5,0.5,0.5,0.5,0.5,0.5,B
0.5,0.5,B,2.0,1.0,1.0,B,0.5,0.5,0.5,0.5,0.5,0.5,0.5,0.5,B,2.0,1.0,1.0,B,1.0,1.0,1.0,1.0,B,1.0,-1.0,-2.0,B,4.0,B,4.0
2.0,1.0,1.0,B,1.0,1.0,1.0,1.0,B,1.0,-1.0,-2.0,B,4.0,B,4.0,B,4.0,B,4.0,B,2.0,2.0,B,2.0,2.0,B,2.0,2.0,B,4.0,B
B,4.0,B,4.0,B,2.0,2.0,B,2.0,2.0,B,2.0,2.0,B,4.0,B,0.5,0.5,0.5,0.5,0.5,0.5,0.5,0.5,B,0.5,0.5,0.5,0.5,0.5,0.5,0.5
0.5,0.5,0.5,0.5,0.5,0.5,0.5,0.5,B,0.5,0.5,0.5,0.5,0.5,0.5,0.5,0.5,B,0.5,0.5,0.5,0.5,0.5,0.5,0.5,0.5,B,0.5,0.5,0.5,0.5,0.5
0.5,B,0.5,0.5,0.5,0.5,0.5,0.5,0.5,0.5,B,0.5,0.5,0.5,0.5,0.5,0.5,0.5,0.5,B,0.5,0.5,0.5,0.5,0.5,0.5,0.5,0.5,B,0.5,0.5,0.5
0.5,0.5,0.5,B,0.5,0.5,0.5,0.5,0.5,0.5,0.5,0.5,B,0.5,0.5,0.5,0.5,0.5,0.5,0.5,0.5,B,0.5,0.5,0.5,0.5,0.5,0.5,0.5,0.5,B,0.5
0.5,0.5,0.5,0.5,0.5,B,0.5,0.5,0.5,0.5,0.5,0.5,0.5,0.5,B,0.5,0.5,0.5,0.5,0.5,0.5,0.5,0.5,B,0.5,0.5,0.5,0.5,0.5,0.5,0.5,0.5
0.5,0.5,0.5,0.5,0.5,0.5,0.5,B,0.5,0.5,0.5,0.5,0.5,0.5,0.5,0.5,B,0.5,0.5,0.5,0.5,0.5,0.5,0.5,0.5,B,0.5,0.5,0.5,0.5,0.5,0.5
B,0.5,0.5,0.5,0.5,0.5,0.5,0.5,0.5,B,0.5,0.5,0.5,0.5,0.5,0.5,0.5,0.5,B,0.5,0.5,0.5,0.5,0.5,0.5,0.5,0.5,B,0.5,0.5,0.5,0.5
0.5,0.5,B,0.5,0.5,0.5,0.5,0.5,0.5,0.5,0.5,B,0.5,0.5,0.5,0.5,0.5,0.5,0.5,0.5,B,0.5,0.5,0.5,0.5,0.5,0.5,0.5,0.5,B,1.0,-1.0
0.5,0.5,0.5,0.5,B,0.5,0.5,0.5,0.5,0.5,0.5,0.5,0.5,B,1.0,-1.0,1.0,-1.0,B,1.0,-1.0,1.0,-1.0,B,1.0,-1.0,1.0,-1.0,B,1.0,-1.0,1.0
1.0,-1.0,B,1.0,-1.0,1.0,-1.0,B,1.0,-1.0,1.0,-1.0,B,1.0,-1.0,1.0,-1.0,B,1.0,1.0,-2.0,B,-1.0,1.0,-2.0,B,-1.0,1.0,-2.0,B,1.0,-1.0
-1.0,B,1.0,1.0,-2.0,B,-1.0,1.0,-2.0,B,-1.0,1.0,-2.0,B,1.0,-1.0,1.0,-1.0,B,1.0,-1.0,-2.0,B,-4.0,B,-1.0,1.0,1.0,1.0,B,1.0,1.0
1.0,-1.0,B,1.0,-1.0,-2.0,B,-4.0,B,-1.0,1.0,1.0,1.0,B,1.0,1.0,1.0,1.0,B,1.0,2.0,1.0,B,1.0,-1.0,-2.0,B,-1.0,1.0,1.0,1.0,B
1.0,1.0,B,1.0,2.0,1.0,B,1.0,-1.0,-2.0,B,-1.0,1.0,1.0,1.0,B,1.0,1.0,1.0,1.0,B,1.0,2.0,1.0,B,1.0,2.0,1.0,B,1.0,2.0,1.0
1.0,1.0,1.0,1.0,B,1.0,2.0,1.0,B,1.0,2.0,1.0,B,1.0,2.0,1.0,B,1.0,2.0,1.0,B,1.0,2.0,1.0,B,0.5,0.5,0.5,0.5,0.5,0.5,0.5
B,1.0,2.0,1.0,B,1.0,2.0,1.0,B,0.5,0.5,0.5,0.5,0.5,0.5,0.5,0.5,B,1.0,2.0,1.0,B,1.0,1.5,0.5,0.5,0.5,B,0.5,0.5,0.5,0.5
0.5,B,1.0,2.0,1.0,B,1.0,1.5,0.5,0.5,0.5,B,0.5,0.5,0.5,0.5,0.5,0.5,0.5,0.5,B,1.0,-1.0,-2.0,B,2.0,1.0,1.0,B,1.0,1.0,1.0
0.5,0.5,0.5,0.5,B,1.0,-1.0,-2.0,B,2.0,1.0,1.0,B,1.0,1.0,1.0,1.0,B,0.5,0.5,0.5,0.5,0.5,0.5,0.5,0.5,B,1.0,-1.0,-2.0,B,2.0
1.0,B,0.5,0.5,0.5,0.5,0.5,0.5,0.5,0.5,B,1.0,-1.0,-2.0,B,2.0,1.0,1.0,B,1.0,1.0,1.0,1.0,B,0.5,0.5,0.5,0.5,0.5,0.5,0.5,0.5
1.0,1.0,B,1.0,1.0,1.0,1.0,B,0.5,0.5,0.5,0.5,0.5,0.5,0.5,0.5,B,1.0,1.0,1.0,1.0,B,0.5,0.5,0.5,0.5,1.0,1.0,B,0.5,0.5,0.5
B,1.0,1.0,1.0,1.0,B,0.5,0.5,0.5,0.5,1.0,1.0,B,0.5,0.5,0.5,0.5,1.5,0.5,B,1.5,0.5,2.0,B,1.0,-1.0,-2.0,B,-4.0,B,-2.0,-1.0
0.5,1.5,0.5,B,1.5,0.5,2.0,B,1.0,-1.0,-2.0,B,-4.0,B,-2.0,-1.0,1.0,B,0.5,0.5,0.5,0.5,1.0,1.0,B,0.5,0.5,1.5,0.5,1.0,B,0.5
1.0,B,0.5,0.5,0.5,0.5,1.0,1.0,B,0.5,0.5,1.5,0.5,1.0,B,0.5,0.5,1.5,0.5,1.0,B,0.5,0.5,1.5,0.5,0.5,0.5,B,1.0,-1.0,-1.0,1.0
0.5,1.5,0.5,1.0,B,0.5,0.5,1.5,0.5,0.5,0.5,B,1.0,-1.0,-1.0,1.0,B,0.5,0.5,0.5,0.5,1.0,-1.0,B,-1.0,2.0,1.0,B,1.0,1.5,0.5,0.5
B,0.5,0.5,0.5,0.5,1.0,-1.0,B,-1.0,2.0,1.0,B,1.0,1.5,0.5,0.5,0.5,B,1.0,-1.0,-2.0,B,-4.0,B,2.0,1.0,1.0,B,2.0,2.0,B,4.0
0.5,B,1.0,-1.0,-2.0,B,-4.0,B,2.0,1.0,1.0,B,2.0,2.0,B,4.0,B,2.0,1.0,1.0,B,1.0,-1.0,-2.0,B,2.0,1.0,1.0,B,1.0,1.0,1.0
B,2.0,1.0,1.0,B,1.0,-1.0,-2.0,B,2.0,1.0,1.0,B,1.0,1.0,1.0,1.0,B,1.0,0.5,0.5,2.0,B,1.0,1.5,0.5,0.5,0.5,B,1.0,1.5,0.5
1.0,B,1.0,0.5,0.5,2.0,B,1.0,1.5,0.5,0.5,0.5,B,1.0,1.5,0.5,0.5,0.5,B,1.0,1.5,0.5,0.5,0.5,B,1.0,1.5,0.5,0.5,0.5,B,0.5
0.5,0.5,B,1.0,1.5,0.5,0.5,0.5,B,1.0,1.5,0.5,0.5,0.5,B,0.5,0.5,0.5,0.5,0.5,0.5,0.5,0.5,B,1.0,2.0,1.0,B,1.0,2.0,1.0,B
0.5,0.5,0.5,0.5,0.5,0.5,0.5,B,1.0,2.0,1.0,B,1.0,2.0,1.0,B,1.0,2.0,1.0,B,3.0,1.0,B,1.0,-1.0,-2.0,B,-4.0,B,-4.0,B,2.0
1.0,2.0,1.0,B,3.0,1.0,B,1.0,-1.0,-2.0,B,-4.0,B,-4.0,B,2.0,2.0,B,2.0,2.0,B,2.0,2.0,B,1.0,-1.0,-2.0,B,-4.0,B,-4.0,B
2.0,B,2.0,2.0,B,2.0,2.0,B,1.0,-1.0,-2.0,B,-4.0,B,-4.0,B,2.0,2.0,B,2.0,2.0,B,-0.5,0.5,0.5,0.5,-0.5,0.5,0.5,0.5,B,-0.5
2.0,2.0,B,2.0,2.0,B,-0.5,0.5,0.5,0.5,-0.5,0.5,0.5,0.5,B,-0.5,0.5,0.5,0.5,-0.5,0.5,0.5,0.5,B,1.0,-1.0,-2.0,B,-2.0,-1.0,1.0,B
0.5,0.5,0.5,-0.5,0.5,0.5,0.5,B,1.0,-1.0,-2.0,B,-2.0,-1.0,1.0,B,2.0,1.0,-1.0,B,-2.0,-1.0,1.0,B,2.0,1.0,0.5,0.5,B,0.5,0.5,0.5
2.0,1.0,-1.0,B,-2.0,-1.0,1.0,B,2.0,1.0,0.5,0.5,B,0.5,0.5,0.5,0.5,1.0,1.0,B,2.0,1.0,0.5,0.5,B,0.5,0.5,0.5,0.5,1.0,1.0,B
0.5,1.0,1.0,B,2.0,1.0,0.5,0.5,B,0.5,0.5,0.5,0.5,1.0,1.0,B,2.0,1.0,1.0,B,2.0,1.0,1.0,B,2.0,1.0,-1.0,B,-1.0,1.0,1.0,-1.0
2.0,1.0,1.0,B,2.0,1.0,1.0,B,2.0,1.0,-1.0,B,-1.0,1.0,1.0,-1.0,B,2.0,1.0,1.0,B,1.0,-1.0,-2.0,B,1.0,-1.0,-2.0,B,2.0,1.0,1.0
B,2.0,1.0,1.0,B,1.0,-1.0,-2.0,B,1.0,-1.0,-2.0,B,2.0,1.0,1.0,B,2.0,-1.0,1.0,B,0.5,0.5,0.5,0.5,1.0,1.0,B,0.5,0.5,0.5,0.5
B,2.0,-1.0,1.0,B,0.5,0.5,0.5,0.5,1.0,1.0,B,0.5,0.5,0.5,0.5,0.5,0.5,0.5,0.5,B,0.5,0.5,0.5,0.5,0.5,0.5,0.5,0.5,B,0.5,0.5
0.5,0.5,0.5,0.5,B,0.5,0.5,0.5,0.5,0.5,0.5,0.5,0.5,B,0.5,0.5,0.5,0.5,0.5,0.5,0.5,0.5,B,1.0,-1.0,-2.0,B,2.0,1.0,1.0,B,0.5
0.5,0.5,0.5,0.5,0.5,0.5,B,1.0,-1.0,-2.0,B,2.0,1.0,1.0,B,0.5,0.5,0.5,0.5,0.5,0.5,0.5,0.5,B,0.5,0.5,0.5,0.5,1.0,1.0,B,1.0
0.5,0.5,0.5,0.5,0.5,0.5,0.5,B,0.5,0.5,0.5,0.5,1.0,1.0,B,1.0,-1.0,-2.0,B,2.0,1.0,1.0,B,1.0,1.0,1.0,1.0,B,1.0,1.0,1.0,1.0
-1.0,-2.0,B,2.0,1.0,1.0,B,1.0,1.0,1.0,1.0,B,1.0,1.0,1.0,1.0,B,0.5,0.5,0.5,0.5,0.5,0.5,0.5,0.5,B,0.5,0.5,0.5,0.5,0.5,0.5
B,0.5,0.5,0.5,0.5,0.5,0.5,0.5,0.5,B,0.5,0.5,0.5,0.5,0.5,0.5,0.5,0.5,B,0.5,0.5,0.5,0.5,0.5,0.5,0.5,0.5,B,0.5,0.5,0.5,0.5
0.5,0.5,B,0.5,0.5,0.5,0.5,0.5,0.5,0.5,0.5,B,0.5,0.5,0.5,0.5,0.5,0.5,0.5,0.5,B,1.0,-1.0,-2.0,B,-2.0,-1.0,1.0,B,1.0,-1.0,1.0
0.5,0.5,0.5,0.5,B,1.0,-1.0,-2.0,B,-2.0,-1.0,1.0,B,1.0,-1.0,1.0,-1.0,B,3.0,0.5,0.5,B,1.0,-1.0,-2.0,B,-2.0,-1.0,1.0,B,1.0,-1.0
-1.0,B,3.0,0.5,0.5,B,1.0,-1.0,-2.0,B,-2.0,-1.0,1.0,B,1.0,-1.0,1.0,-1.0,B,1.0,-1.0,1.0,-1.0,B,1.0,-1.0,-2.0,B,2.0,1.0,1.0,B
1.0,-1.0,B,1.0,-1.0,1.0,-1.0,B,1.0,-1.0,-2.0,B,2.0,1.0,1.0,B,1.0,-1.0,-2.0,B,2.0,1.0,1.0,B,1.0,-1.0,-2.0,B,2.0,1.0,1.0,B
1.0,-1.0,-2.0,B,2.0,1.0,1.0,B,1.0,-1.0,-2.0,B,2.0,1.0,1.0,B,1.0,-1.0,-2.0,B,1.0,B,2.0,-1.0,B,-3.0,B,1.0,1.0,1.0,B,1.0
1.0,-1.0,-2.0,B,1.0,B,2.0,-1.0,B,-3.0,B,1.0,1.0,1.0,B,1.0,-1.0,1.0,B,2.0,-1.0,B,-3.0,B,1.0,1.0,1.0,B,1.0,-1.0,1.0,B
-1.0,1.0,B,2.0,-1.0,B,-3.0,B,1.0,1.0,1.0,B,1.0,-1.0,1.0,B,1.5,0.5,0.5,0.5,B,1.0,-1.0,1.0,B,1.5,0.5,0.5,0.5,B,1.0,-1.0
1.5,0.5,0.5,0.5,B,1.0,-1.0,1.0,B,1.5,0.5,0.5,0.5,B,1.0,-1.0,1.0,B,3.0,B,1.0,-1.0,-1.0,B,-1.0,-1.0,1.0,B,1.0,-1.0,1.0,B
1.0,B,3.0,B,1.0,-1.0,-1.0,B,-1.0,-1.0,1.0,B,1.0,-1.0,1.0,B,2.0,-1.0,B,-1.0,-1.0,1.0,B,1.5,0.5,0.5,0.5,B,0.5,0.5,0.5,0.5
2.0,-1.0,B,-1.0,-1.0,1.0,B,1.5,0.5,0.5,0.5,B,0.5,0.5,0.5,0.5,0.5,0.5,B,2.0,1.0,B,0.5,-0.5,1.0,1.0,B,0.5,0.5,0.5,0.5,0.5
0.5,0.5,B,2.0,1.0,B,0.5,-0.5,1.0,1.0,B,0.5,0.5,0.5,0.5,0.5,0.5,B,1.0,-1.0,-1.0,B,-0.5,0.5,0.5,0.5,0.5,0.5,B,0.5,0.5,0.5
0.5,B,1.0,-1.0,-1.0,B,-0.5,0.5,0.5,0.5,0.5,0.5,B,0.5,0.5,0.5,0.5,0.5,0.5,B,0.5,0.5,0.5,0.5,0.5,0.5,B,0.5,0.5,0.5,0.5,0.5
0.5,0.5,0.5,B,0.5,0.5,0.5,0.5,0.5,0.5,B,0.5,0.5,0.5,0.5,0.5,0.5,B,1.0,2.0,B,1.0,2.0,B,1.0,2.0,B,1.0,2.0,B,0.5,0.5
0.5,B,1.0,2.0,B,1.0,2.0,B,1.0,2.0,B,1.0,2.0,B,0.5,0.5,0.5,0.5,0.5,0.5,B,0.5,0.5,0.5,0.5,0.5,0.5,B,0.5,0.5,0.5,0.5
0.5,0.5,0.5,0.5,B,0.5,0.5,0.5,0.5,0.5,0.5,B,0.5,0.5,0.5,0.5,0.5,0.5,B,1.0,-1.0,-1.0,B,3.0,B,1.0,-1.0,-1.0,B,-1.0,-1.0,1.0
0.5,0.5,B,1.0,-1.0,-1.0,B,3.0,B,1.0,-1.0,-1.0,B,-1.0,-1.0,1.0,B,1.0,-1.0,-1.0,B,3.0,B,1.0,-1.0,-1.0,B,-1.0,-1.0,1.0,B,1.0
B,1.0,-1.0,-1.0,B,3.0,B,1.0,-1.0,-1.0,B,-1.0,-1.0,1.0,B,1.0,-1.0,-1.0,B,3.0,B,3.0,B,1.0,1.0,1.0,B,1.0,-1.0,-1.0,B,3.0
-1.0,-1.0,B,3.0,B,3.0,B,1.0,1.0,1.0,B,1.0,-1.0,-1.0,B,3.0,B,0.3333,0.3333,0.3333,0.3333,0.3333,0.3333,0.3333,0.3333,0.3333,B,1.0,-1.0,1.0,B,0.3333
B,0.3333,0.3333,0.3333,0.3333,0.3333,0.3333,0.3333,0.3333,0.3333,B,1.0,-1.0,1.0,B,0.3333,0.3333,0.3333,0.3333,0.3333,0.3333,0.3333,0.3333,0.3333,B,1.0,-1.0,1.0,B,1.0,2.0,B
0.3333,0.3333,0.3333,0.3333,0.3333,0.3333,0.3333,0.3333,B,1.0,-1.0,1.0,B,1.0,2.0,B,2.0,1.0,B,1.0,2.0,B,2.0,1.0,B,-1.0,2.0,B,1.0,1.0,1.0,B
2.0,1.0,B,1.0,2.0,B,2.0,1.0,B,-1.0,2.0,B,1.0,1.0,1.0,B,1.0,1.0,1.0,B,1.0,-1.0,-1.0,B,-1.0,1.0,1.0,B,2.0,1.0,B,2.0
1.0,1.0,1.0,B,1.0,-1.0,-1.0,B,-1.0,1.0,1.0,B,2.0,1.0,B,2.0,1.0,B,3.0,B,3.0,B,1.0,1.0,1.0,B,1.0,1.0,1.0,B,3.0,B
1.0,B,3.0,B,3.0,B,1.0,1.0,1.0,B,1.0,1.0,1.0,B,3.0,B,2.0,1.0,B,1.0,-1.0,-1.0,B,1.0,1.0,1.0,B,3.0,B,3.0,B,1.5
2.0,1.0,B,1.0,-1.0,-1.0,B,1.0,1.0,1.0,B,3.0,B,3.0,B,1.5,0.5,0.5,0.5,B,0.5,0.5,0.5,0.5,0.5,0.5,B,3.0,B,3.0,B,2.0
0.5,0.5,0.5,B,0.5,0.5,0.5,0.5,0.5,0.5,B,3.0,B,3.0,B,2.0,1.0,B,0.5,0.5,1.0,1.0,B,-0.5,0.5,-0.5,0.5,-0.5,0.5,B,-0.5,0.5
1.0,B,0.5,0.5,1.0,1.0,B,-0.5,0.5,-0.5,0.5,-0.5,0.5,B,-0.5,0.5,-0.5,0.5,-0.5,0.5,B,1.0,-1.0,-1.0,B,2.0,1.0,B,1.0,-1.0,1.0,B
-0.5,0.5,-0.5,0.5,B,1.0,-1.0,-1.0,B,2.0,1.0,B,1.0,-1.0,1.0,B,1.5,0.5,0.5,0.5,B,1.0,-1.0,B,1.0,B,2.0,-1.0,B,-1.0,-1.0,1.0
1.5,0.5,0.5,0.5,B,1.0,-1.0,B,1.0,B,2.0,-1.0,B,-1.0,-1.0,1.0,B,1.5,0.5,0.5,0.5,B,0.5,0.5,0.5,0.5,0.5,0.5,B,1.0,1.0,1.0
B,1.5,0.5,0.5,0.5,B,0.5,0.5,0.5,0.5,0.5,0.5,B,1.0,1.0,1.0,B,2.0,-1.0,B,1.0,1.0,1.0,B,1.0,-1.0,-1.0,B,3.0,B,1.0,-1.0
B,2.0,-1.0,B,1.0,1.0,1.0,B,1.0,-1.0,-1.0,B,3.0,B,1.0,-1.0,1.0,B,1.5,0.5,0.5,0.5,B,1.0,-1.0,1.0,B,0.5,0.5,1.5,0.5,B
1.0,B,1.5,0.5,0.5,0.5,B,1.0,-1.0,1.0,B,0.5,0.5,1.5,0.5,B,0.5,0.5,1.5,0.5,B,0.5,0.5,1.5,0.5,B,0.5,0.5,1.5,0.5,B,1.0
0.5,0.5,1.5,0.5,B,0.5,0.5,1.5,0.5,B,0.5,0.5,1.5,0.5,B,1.0,-1.0,-1.0,B,-1.0,-1.0,1.0,B,1.5,0.5,0.5,0.5,B,0.5,0.5,0.5,0.5
-1.0,-1.0,B,-1.0,-1.0,1.0,B,1.5,0.5,0.5,0.5,B,0.5,0.5,0.5,0.5,0.5,0.5,B,1.0,1.0,1.0,B,2.0,1.0,B,1.5,0.5,0.5,0.5,B,0.5
0.5,0.5,B,1.0,1.0,1.0,B,2.0,1.0,B,1.5,0.5,0.5,0.5,B,0.5,0.5,0.5,0.5,0.5,0.5,B,1.0,1.0,1.0,B,2.0,1.0,B,1.5,0.5,0.5
0.5,0.5,0.5,0.5,0.5,B,1.0,1.0,1.0,B,2.0,1.0,B,1.5,0.5,0.5,0.5,B,0.5,0.5,0.5,0.5,0.5,0.5,B,1.0,2.0,B,1.0,2.0,B,1.0
0.5,B,0.5,0.5,0.5,0.5,0.5,0.5,B,1.0,2.0,B,1.0,2.0,B,1.0,-1.0,-1.0,B,-3.0,B,1.5,0.5,0.5,0.5,B,0.5,0.5,0.5,0.5,0.5,0.5
-1.0,-1.0,B,-3.0,B,1.5,0.5,0.5,0.5,B,0.5,0.5,0.5,0.5,0.5,0.5,B,1.0,-1.0,-1.0,B,1.0,-1.0,-1.0,B,-1.0,1.0,1.0,B,1.0,-1.0,-1.0
B,1.0,-1.0,-1.0,B,1.0,-1.0,-1.0,B,-1.0,1.0,1.0,B,1.0,-1.0,-1.0,B,-1.0,1.0,1.0,B,3.0,B,1.0,1.0,1.0,B,2.0,1.0,B,1.0,1.0
B,-1.0,1.0,1.0,B,3.0,B,1.0,1.0,1.0,B,2.0,1.0,B,1.0,1.0,1.0,B,1.5,0.5,0.5,0.5,B,1.0,-1.0,-1.0,B,-1.0,-1.0,1.0,B,1.5
1.0,B,1.5,0.5,0.5,0.5,B,1.0,-1.0,-1.0,B,-1.0,-1.0,1.0,B,1.5,0.5,0.5,0.5,B,1.0,-1.0,1.0,B,1.5,0.5,0.5,0.5,B,1.0,-1.0,1.0
0.5,0.5,0.5,B,1.0,-1.0,1.0,B,1.5,0.5,0.5,0.5,B,1.0,-1.0,1.0,B,1.5,0.5,0.5,0.5,B,1.0,-1.0,1.0,B,1.5,0.5,0.5,0.5,B,1.0
B,1.5,0.5,0.5,0.5,B,1.0,-1.0,1.0,B,1.5,0.5,0.5,0.5,B,1.0,-1.0,1.0,B,1.5,0.5,0.5,0.5,B,1.5,0.5,0.5,0.5,B,1.5,0.5,0.5
-1.0,1.0,B,1.5,0.5,0.5,0.5,B,1.5,0.5,0.5,0.5,B,1.5,0.5,0.5,0.5,B,1.5,0.5,0.5,0.5,B,1.5,0.5,0.5,0.5,B,2.0,1.0,B,3.0
0.5,B,1.5,0.5,0.5,0.5,B,1.5,0.5,0.5,0.5,B,2.0,1.0,B,3.0,B,1.0,1.0,1.0,B,1.0,-1.0,1.0,B,1.0,1.0,1.0,B,1.0,1.0,1.0
B,1.0,1.0,1.0,B,1.0,-1.0,1.0,B,1.0,1.0,1.0,B,1.0,1.0,1.0,B,1.0,1.0,1.0,B,1.0,-1.0,1.0,B,1.0,1.0,1.0,B,1.0,1.0,1.0
B,1.0,1.0,1.0,B,1.0,-1.0,1.0,B,1.0,1.0,1.0,B,1.0,1.0,1.0,B,1.0,1.0,1.0,B,2.0,1.0,B,2.0,1.0,B,0.5,0.5,0.5,0.5,0.5
B,1.0,1.0,1.0,B,2.0,1.0,B,2.0,1.0,B,0.5,0.5,0.5,0.5,0.5,0.5,B,0.5,0.5,0.5,0.5,0.5,0.5,B,2.0,-1.0,B,-3.0,B,1.0,1.0
0.5,B,0.5,0.5,0.5,0.5,0.5,0.5,B,2.0,-1.0,B,-3.0,B,1.0,1.0,1.0,B,1.0,-1.0,1.0,B,2.0,-1.0,B,-3.0,B,1.0,1.0,1.0,B,1.0
1.0,B,1.0,-1.0,1.0,B,2.0,-1.0,B,-3.0,B,1.0,1.0,1.0,B,1.0,-1.0,1.0,B,1.5,0.5,0.5,0.5,B,1.0,-1.0,1.0,B,1.5,0.5,0.5,0.5
-1.0,1.0,B,1.5,0.5,0.5,0.5,B,1.0,-1.0,1.0,B,1.5,0.5,0.5,0.5,B,1.0,-1.0,1.0,B,3.0,B,1.0,-1.0,-1.0,B,-1.0,-1.0,1.0,B,1.0
B,1.0,-1.0,1.0,B,3.0,B,1.0,-1.0,-1.0,B,-1.0,-1.0,1.0,B,1.0,-1.0,-1.0,B,-3.0,B,-1.0,-1.0,1.0,B,1.5,0.5,0.5,0.5,B,0.5,0.5
-1.0,-1.0,B,-3.0,B,-1.0,-1.0,1.0,B,1.5,0.5,0.5,0.5,B,0.5,0.5,0.5,0.5,0.5,0.5,B,2.0,1.0,B,0.5,-0.5,1.0,1.0,B,0.5,0.5,0.5
0.5,0.5,0.5,0.5,B,2.0,1.0,B,0.5,-0.5,1.0,1.0,B,0.5,0.5,0.5,0.5,0.5,0.5,B,1.0,-1.0,-1.0,B,-0.5,0.5,0.5,0.5,0.5,0.5,B,0.5
0.5,0.5,0.5,B,1.0,-1.0,-1.0,B,-0.5,0.5,0.5,0.5,0.5,0.5,B,0.5,0.5,0.5,0.5,0.5,0.5,B,0.5,0.5,0.5,0.5,0.5,0.5,B,0.5,0.5,0.5
0.5,0.5,0.5,0.5,0.5,B,0.5,0.5,0.5,0.5,0.5,0.5,B,0.5,0.5,0.5,0.5,0.5,0.5,B,1.0,2.0,B,1.0,2.0,B,1.0,2.0,B,1.0,2.0,B
0.5,0.5,0.5,B,1.0,2.0,B,1.0,2.0,B,1.0,2.0,B,1.0,2.0,B,0.5,0.5,0.5,0.5,0.5,0.5,B,0.5,0.5,0.5,0.5,0.5,0.5,B,0.5,0.5
0.5,0.5,0.5,0.5,0.5,0.5,B,0.5,0.5,0.5,0.5,0.5,0.5,B,0.5,0.5,0.5,0.5,0.5,0.5,B,1.0,-1.0,-1.0,B,3.0,B,1.0,-1.0,-1.0,B,-1.0
0.5,0.5,0.5,0.5,B,1.0,-1.0,-1.0,B,3.0,B,1.0,-1.0,-1.0,B,-1.0,-1.0,1.0,B,1.0,-1.0,-1.0,B,3.0,B,1.0,-1.0,-1.0,B,-1.0,-1.0,1.0
-1.0,1.0,B,1.0,-1.0,-1.0,B,3.0,B,1.0,-1.0,-1.0,B,-1.0,-1.0,1.0,B,1.0,-1.0,-1.0,B,3.0,B,3.0,B,1.0,1.0,1.0,B,1.0,-1.0,-1.0
B,1.0,-1.0,-1.0,B,3.0,B,3.0,B,1.0,1.0,1.0,B,1.0,-1.0,-1.0,B,3.0,B,0.3333,0.3333,0.3333,0.3333,0.3333,0.3333,0.3333,0.3333,0.3333,B,1.0,-1.0,1.0
B,3.0,B,0.3333,0.3333,0.3333,0.3333,0.3333,0.3333,0.3333,0.3333,0.3333,B,1.0,-1.0,1.0,B,0.3333,0.3333,0.3333,0.3333,0.3333,0.3333,0.3333,0.3333,0.3333,B,1.0,-1.0,1.0,B,1.0
B,0.3333,0.3333,0.3333,0.3333,0.3333,0.3333,0.3333,0.3333,0.3333,B,1.0,-1.0,1.0,B,1.0,2.0,B,2.0,1.0,B,1.0,2.0,B,2.0,1.0,B,-1.0,2.0,B,1.0,1.0
2.0,B,2.0,1.0,B,1.0,2.0,B,2.0,1.0,B,-1.0,2.0,B,1.0,1.0,1.0,B,1.0,1.0,1.0,B,1.0,-1.0,-1.0,B,-1.0,1.0,1.0,B,2.0,1.0
1.0,B,1.0,1.0,1.0,B,1.0,-1.0,-1.0,B,-1.0,1.0,1.0,B,2.0,1.0,B,2.0,1.0,B,3.0,B,3.0,B,1.0,1.0,1.0,B,1.0,1.0,1.0,B
B,2.0,1.0,B,3.0,B,3.0,B,1.0,1.0,1.0,B,1.0,1.0,1.0,B,3.0,B,2.0,1.0,B,1.0,-1.0,-1.0,B,1.0,1.0,1.0,B,3.0,B,3.0
3.0,B,2.0,1.0,B,1.0,-1.0,-1.0,B,1.0,1.0,1.0,B,3.0,B,3.0,B,1.5,0.5,0.5,0.5,B,0.5,0.5,0.5,0.5,0.5,0.5,B,1.0,2.0,B
B,1.5,0.5,0.5,0.5,B,0.5,0.5,0.5,0.5,0.5,0.5,B,1.0,2.0,B,3.0,B,1.0,2.0,B,1.0,1.0,-1.0,B,-3.0,B,1.0,2.0,B,-3.0,B
3.0,B,1.0,2.0,B,1.0,1.0,-1.0,B,-3.0,B,1.0,2.0,B,-3.0,B,1.0,2.0,B,0.5,0.5,0.5,0.5,0.5,0.5,B,0.5,0.5,0.5,0.5,0.5,0.5
1.0,2.0,B,0.5,0.5,0.5,0.5,0.5,0.5,B,0.5,0.5,0.5,0.5,0.5,0.5,B,0.5,0.5,0.5,0.5,0.5,0.5,B,0.5,0.5,0.5,0.5,0.5,0.5,B,3.0
B,0.5,0.5,0.5,0.5,0.5,0.5,B,0.5,0.5,0.5,0.5,0.5,0.5,B,3.0,B,3.0,B,2.0,1.0,B,2.0,1.0,B,1.0,-1.0,-1.0,B,-1.0,-1.0,1.0
B,3.0,B,2.0,1.0,B,2.0,1.0,B,1.0,-1.0,-1.0,B,-1.0,-1.0,1.0,B,1.0,1.0,1.0,B,2.0,1.0,B,1.0,2.0,B,1.0,1.0,1.0,B,-0.5
B,1.0,1.0,1.0,B,2.0,1.0,B,1.0,2.0,B,1.0,1.0,1.0,B,-0.5,0.5,-0.5,0.5,-0.5,0.5,B,-0.5,0.5,-0.5,0.5,-0.5,0.5,B,1.0,-1.0,-1.0
0.5,-0.5,0.5,-0.5,0.5,B,-0.5,0.5,-0.5,0.5,-0.5,0.5,B,1.0,-1.0,-1.0,B,2.0,1.0,B,1.0,2.0,B,3.0,B,1.0,-1.0,-1.0,B,0.5,0.5,0.5
B,2.0,1.0,B,1.0,2.0,B,3.0,B,1.0,-1.0,-1.0,B,0.5,0.5,0.5,0.5,0.5,0.5,B,0.5,0.5,0.5,0.5,0.5,0.5,B,0.5,0.5,0.5,0.5,0.5
0.5,0.5,0.5,B,0.5,0.5,0.5,0.5,0.5,0.5,B,0.5,0.5,0.5,0.5,0.5,0.5,B,1.0,-1.0,-1.0,B,2.0,1.0,B,1.0,1.0,-1.0,B,2.0,1.0,B
0.5,B,1.0,-1.0,-1.0,B,2.0,1.0,B,1.0,1.0,-1.0,B,2.0,1.0,B,1.0,1.0,-1.0,B,3.0,B,3.0,B,3.0,B,1.0,-1.0,-1.0,B,-3.0,B
1.0,1.0,-1.0,B,3.0,B,3.0,B,3.0,B,1.0,-1.0,-1.0,B,-3.0,B,-3.0,B,1.0,1.0,1.0,B,1.0,0.75,0.25,1.0,B,-3.0,B,2.0,1.0,B
-3.0,B,1.0,1.0,1.0,B,1.0,0.75,0.25,1.0,B,-3.0,B,2.0,1.0,B,1.0,1.0,-1.0,B,-3.0,B,-3.0,B,1.0,1.0,1.0,B,1.0,0.75,0.25,1.0
1.0,1.0,-1.0,B,-3.0,B,-3.0,B,1.0,1.0,1.0,B,1.0,0.75,0.25,1.0,B,1.0,1.0,1.0,B,1.0,0.75,0.25,1.0,B,1.0,1.5,0.5,B,1.0,1.0
B,1.0,1.0,1.0,B,1.0,0.75,0.25,1.0,B,1.0,1.5,0.5,B,1.0,1.0,1.0,B,1.0,-1.0,-1.0,B,3.0,B,3.0,B,1.5,0.5,0.5,0.5,B,1.0
1.0,B,1.0,-1.0,-1.0,B,3.0,B,3.0,B,1.5,0.5,0.5,0.5,B,1.0,-1.0,-1.0,B,-3.0,B,3.0,B,-3.0,B,3.0,B,-3.0,B,1.0,1.0,1.0
-1.0,-1.0,B,-3.0,B,3.0,B,-3.0,B,3.0,B,-3.0,B,1.0,1.0,1.0,B,1.0,0.75,0.25,1.0,B,1.0,1.0,1.0,B,1.0,0.75,0.25,1.0,B,3.0
B,1.0,0.75,0.25,1.0,B,1.0,1.0,1.0,B,1.0,0.75,0.25,1.0,B,3.0,B,3.0,B,3.0,B,3.0,B,1.0,1.0,1.0,B,1.0,-1.0,-1.0,B,-3.0
B,3.0,B,3.0,B,3.0,B,1.0,1.0,1.0,B,1.0,-1.0,-1.0,B,-3.0,B,1.0,1.0,1.0,B,1.0,0.75,0.25,1.0,B,1.0,1.0,1.0,B,1.0,0.75
B,1.0,1.0,1.0,B,1.0,0.75,0.25,1.0,B,1.0,1.0,1.0,B,1.0,0.75,0.25,1.0,B,-1.0,1.0,1.0,B,2.0,1.0,B,1.0,-1.0,-1.0,B,1.0,1.0
0.25,1.0,B,-1.0,1.0,1.0,B,2.0,1.0,B,1.0,-1.0,-1.0,B,1.0,1.0,1.0,B,-1.0,1.0,1.0,B,1.0,-1.0,-1.0,B,3.0,B,3.0,B,3.0,B
1.0,B,-1.0,1.0,1.0,B,1.0,-1.0,-1.0,B,3.0,B,3.0,B,3.0,B,3.0,B,2.0,1.0,B,1.0,1.0,-1.0,B,2.0,1.0,B,1.0,1.0,-1.0,B
3.0,B,2.0,1.0,B,1.0,1.0,-1.0,B,2.0,1.0,B,1.0,1.0,-1.0,B,1.0,1.0,1.0,B,1.0,-1.0,-1.0,B,-3.0,B,1.0,1.0,1.0,B,1.0,1.0
1.0,1.0,1.0,B,1.0,-1.0,-1.0,B,-3.0,B,1.0,1.0,1.0,B,1.0,1.0,1.0,B,1.0,-1.0,-1.0,B,1.0,1.0,1.0,B,1.0,1.0,-1.0,B,1.0,1.0
1.0,B,1.0,-1.0,-1.0,B,1.0,1.0,1.0,B,1.0,1.0,-1.0,B,1.0,1.0,1.0,B,1.0,-1.0,-1.0,B,3.0,B,1.0,1.0,1.0,B,1.0,1.0,1.0,B
1.0,B,1.0,-1.0,-1.0,B,3.0,B,1.0,1.0,1.0,B,1.0,1.0,1.0,B,0.5,0.5,1.0,-1.0,B,-1.0,1.0,1.0,B,1.0,1.0,1.0,B,2.0,1.0,B
0.5,0.5,1.0,-1.0,B,-1.0,1.0,1.0,B,1.0,1.0,1.0,B,2.0,1.0,B,1.0,-1.0,-1.0,B,1.0,-1.0,1.0,B,1.0,-1.0,1.0,B,1.0,2.0,B,0.3333
1.0,-1.0,-1.0,B,1.0,-1.0,1.0,B,1.0,-1.0,1.0,B,1.0,2.0,B,0.3333,0.3333,0.3333,1.0,1.0,B,1.0,-1.0,1.0,B,1.0,-1.0,-1.0,B,-1.0,-1.0,1.0
0.3333,0.3333,1.0,1.0,B,1.0,-1.0,1.0,B,1.0,-1.0,-1.0,B,-1.0,-1.0,1.0,B,1.0,1.0,1.0,B,1.0,1.0,1.0,B,1.0,1.0,1.0,B,1.0,-1.0,1.0
B,1.0,1.0,1.0,B,1.0,1.0,1.0,B,1.0,1.0,1.0,B,1.0,-1.0,1.0,B,2.0,-1.0,B,-1.0,0.5,0.5,0.5,0.5,B,0.5,0.5,0.5,0.5,0.5,0.5
B,2.0,-1.0,B,-1.0,0.5,0.5,0.5,0.5,B,0.5,0.5,0.5,0.5,0.5,0.5,B,1.0,-1.0,1.0,B,1.5,0.5,0.5,0.5,B,1.0,2.0,B,0.5,0.5,0.5
B,1.0,-1.0,1.0,B,1.5,0.5,0.5,0.5,B,1.0,2.0,B,0.5,0.5,0.5,0.5,0.5,0.5,B,0.5,0.5,0.5,0.5,0.5,0.5,B,0.5,0.5,1.0,-1.0,B
0.5,0.5,0.5,B,0.5,0.5,0.5,0.5,0.5,0.5,B,0.5,0.5,1.0,-1.0,B,1.0,0.3333,0.3333,0.3333,0.3333,0.3333,0.3333,B,0.3333,0.3333,0.3333,0.3333,0.3333,0.3333,0.3333,0.3333
1.0,0.3333,0.3333,0.3333,0.3333,0.3333,0.3333,B,0.3333,0.3333,0.3333,0.3333,0.3333,0.3333,0.3333,0.3333,0.3333,B,1.0,-1.0,0.5,0.5,B,1.0,-1.0,-1.0,B,-1.0,B,0.5,-0.5,0.5
0.3333,B,1.0,-1.0,0.5,0.5,B,1.0,-1.0,-1.0,B,-1.0,B,0.5,-0.5,0.5,-0.5,B,0.5,-0.5,-1.0,B,-0.5,0.5,0.5,0.5,B,0.5,0.5,0.5,0.5,B
-0.5,B,0.5,-0.5,-1.0,B,-0.5,0.5,0.5,0.5,B,0.5,0.5,0.5,0.5,B,0.5,0.5,0.5,0.5,B,0.5,0.5,0.5,0.5,B,0.5,-0.5,0.75,0.25,B,0.5
0.5,0.5,0.5,0.5,B,0.5,0.5,0.5,0.5,B,0.5,-0.5,0.75,0.25,B,0.5,-0.5,B,-1.0,B,-0.5,0.5,0.5,0.5,B,0.5,0.5,-0.5,0.5,B,-0.5,0.5
-0.5,B,-1.0,B,-0.5,0.5,0.5,0.5,B,0.5,0.5,-0.5,0.5,B,-0.5,0.5,-0.5,0.5,B,0.5,0.5,0.5,0.5,B,0.5,0.5,0.5,0.5,B,0.5,0.5,0.5
-0.5,0.5,B,0.5,0.5,0.5,0.5,B,0.5,0.5,0.5,0.5,B,0.5,0.5,0.5,0.5,B,0.5,-0.5,-0.5,0.5,B,0.5,0.5,0.75,0.125,0.125,B,0.1667,0.1667,0.1667
0.5,B,0.5,-0.5,-0.5,0.5,B,0.5,0.5,0.75,0.125,0.125,B,0.1667,0.1667,0.1667,0.1667,0.1667,0.1667,0.75,0.25,B,0.5,-0.5,B,-1.0,B,-0.5,0.5,0.5,0.5,B
0.1667,0.1667,0.1667,0.75,0.25,B,0.5,-0.5,B,-1.0,B,-0.5,0.5,0.5,0.5,B,-0.5,0.5,0.5,0.5,B,-0.5,0.5,0.5,0.5,B,-0.5,0.5,0.5,0.5,B,0.5
-0.5,0.5,0.5,0.5,B,-0.5,0.5,0.5,0.5,B,-0.5,0.5,0.5,0.5,B,0.5,0.5,0.5,0.5,B,0.5,0.5,0.5,0.5,B,1.0,0.75,0.25,B,0.5,-0.5,B
0.5,0.5,0.5,B,0.5,0.5,0.5,0.5,B,1.0,0.75,0.25,B,0.5,-0.5,B,-1.0,B,-0.5,0.5,0.5,0.5,B,-0.5,0.5,0.5,0.5,B,-0.5,0.5,0.5,0.5
-1.0,B,-0.5,0.5,0.5,0.5,B,-0.5,0.5,0.5,0.5,B,-0.5,0.5,0.5,0.5,B,-0.5,0.5,0.5,0.5,B,0.5,0.5,0.5,0.5,B,0.5,0.5,0.5,0.5,B
B,-0.5,0.5,0.5,0.5,B,0.5,0.5,0.5,0.5,B,0.5,0.5,0.5,0.5,B,0.5,-0.5,0.5,0.5,B,0.5,0.25,-0.25,1.0,B,0.25,-0.25,0.25,-0.25,0.75,0.25
0.5,-0.5,0.5,0.5,B,0.5,0.25,-0.25,1.0,B,0.25,-0.25,0.25,-0.25,0.75,0.25,B,0.5,-0.5,B,-1.0,B,-2.0,B,-0.5,0.5,0.5,0.5,B,1.0,-1.0,B
B,0.5,-0.5,B,-1.0,B,-2.0,B,-0.5,0.5,0.5,0.5,B,1.0,-1.0,B,-0.5,0.5,1.0,B,0.25,0.25,0.5,0.5,0.5,B,0.25,0.25,0.25,0.25,0.375,0.125
-0.5,0.5,1.0,B,0.25,0.25,0.5,0.5,0.5,B,0.25,0.25,0.25,0.25,0.375,0.125,0.375,0.125,B,0.375,0.125,0.375,0.125,0.5,0.5,B,0.5,-0.5,B,0.5,-0.5,B
0.375,0.125,B,0.375,0.125,0.375,0.125,0.5,0.5,B,0.5,-0.5,B,0.5,-0.5,B,-1.0,B,0.5,1.0,0.5,B,0.25,0.25,0.5,-0.5,0.5,B,-0.5,0.5,-0.5,0.5
-1.0,B,0.5,1.0,0.5,B,0.25,0.25,0.5,-0.5,0.5,B,-0.5,0.5,-0.5,0.5,B,-0.5,0.5,1.0,B,0.25,0.25,0.5,0.5,0.5,B,0.25,0.25,0.5,0.375,0.125
B,-0.5,0.5,1.0,B,0.25,0.25,0.5,0.5,0.5,B,0.25,0.25,0.5,0.375,0.125,0.375,0.125,B,0.5,0.5,0.5,-0.5,B,-1.0,0.375,0.125,0.375,0.125,B,0.375,0.125
0.375,0.125,B,0.5,0.5,0.5,-0.5,B,-1.0,0.375,0.125,0.375,0.125,B,0.375,0.125,0.375,0.125,0.5,0.5,B,0.5,-0.5,B,0.5,-0.5,B,-1.0,B,-0.5,0.5,0.25
0.375,0.125,0.5,0.5,B,0.5,-0.5,B,0.5,-0.5,B,-1.0,B,-0.5,0.5,0.25,0.125,0.125,0.125,0.125,0.125,0.125,B,0.5,0.25,-0.25,-1.0,B,-0.5,0.5,0.25,0.125
0.125,0.125,0.125,0.125,0.125,0.125,B,0.5,0.25,-0.25,-1.0,B,-0.5,0.5,0.25,0.125,0.125,0.125,0.125,0.125,0.125,B,0.5,0.25,-0.25,-1.0,B,-1.0,0.5,0.5,B,0.5
0.125,0.125,0.125,0.125,0.125,B,0.5,0.25,-0.25,-1.0,B,-1.0,0.5,0.5,B,0.5,0.5,0.5,0.5,B,0.5,0.5,0.75,0.125,0.125,B,0.5,-0.5,B,-1.0,B,-0.5
0.5,0.5,0.5,B,0.5,0.5,0.75,0.125,0.125,B,0.5,-0.5,B,-1.0,B,-0.5,0.5,0.25,0.25,0.25,0.25,B,0.5,0.25,-0.25,-1.0,B,-0.5,0.5,0.25,0.25,0.125
0.5,0.25,0.25,0.25,0.25,B,0.5,0.25,-0.25,-1.0,B,-0.5,0.5,0.25,0.25,0.125,0.125,0.125,0.125,B,0.5,0.25,-0.25,-0.5,0.5,B,0.5,0.5,-0.5,0.5,B,0.5
0.125,0.125,0.125,B,0.5,0.25,-0.25,-0.5,0.5,B,0.5,0.5,-0.5,0.5,B,0.5,0.5,0.5,0.5,B,0.5,0.5,0.5,0.5,B,0.5,0.5,0.5,0.5,B,0.5,0.5
0.5,0.5,0.5,B,0.5,0.5,0.5,0.5,B,0.5,0.5,0.5,0.5,B,0.5,0.5,0.75,0.25,B,0.5,-0.5,B,0.5,0.5,B,1.5,0.1667,0.1667,0.1667,B,1.5,0.5
0.75,0.25,B,0.5,-0.5,B,0.5,0.5,B,1.5,0.1667,0.1667,0.1667,B,1.5,0.5,B,1.5,0.5,B,0.5,0.5,-0.5,0.5,B,0.5,0.5,0.5,0.5,B,0.5,0.5
B,1.5,0.5,B,0.5,0.5,-0.5,0.5,B,0.5,0.5,0.5,0.5,B,0.5,0.5,-0.1667,0.1667,0.1667,0.1667,0.1667,0.1667,B,-0.1667,0.1667,0.1667,0.1667,0.1667,0.1667,0.5,0.5,B
-0.1667,0.1667,0.1667,0.1667,0.1667,0.1667,B,-0.1667,0.1667,0.1667,0.1667,0.1667,0.1667,0.5,0.5,B,0.5,-0.5,B,-1.0,B,-1.0,-0.1667,0.1667,0.1667,0.1667,0.1667,0.1667,B,0.5,-0.5,-0.1667
0.5,-0.5,B,-1.0,B,-1.0,-0.1667,0.1667,0.1667,0.1667,0.1667,0.1667,B,0.5,-0.5,-0.1667,0.1667,0.1667,0.1667,0.1667,0.1667,B,1.0,0.75,0.125,0.125,B,0.5,-0.5,-1.0,B,-1.0
0.1667,0.1667,0.1667,0.1667,0.1667,B,1.0,0.75,0.125,0.125,B,0.5,-0.5,-1.0,B,-1.0,-0.1667,0.1667,0.1667,0.1667,0.1667,0.1667,B,0.5,-0.5,-0.1667,0.1667,0.1667,0.1667,0.1667,0.1667,B
-0.1667,0.1667,0.1667,0.1667,0.1667,0.1667,B,0.5,-0.5,-0.1667,0.1667,0.1667,0.1667,0.1667,0.1667,B,0.5,-0.5,-0.1667,0.1667,0.1667,0.1667,0.1667,0.1667,B,0.5,-0.5,0.5,0.5,B,0.5,0.5
0.5,-0.5,-0.1667,0.1667,0.1667,0.1667,0.1667,0.1667,B,0.5,-0.5,0.5,0.5,B,0.5,0.5,0.5,0.5,B,0.5,0.5,-0.1667,0.1667,0.1667,0.1667,0.1667,0.1667,B,-0.1667,0.1667,0.1667,0.1667
0.5,0.5,B,0.5,0.5,-0.1667,0.1667,0.1667,0.1667,0.1667,0.1667,B,-0.1667,0.1667,0.1667,0.1667,0.1667,0.1667,0.5,0.5,B,0.5,-0.5,-0.1667,0.1667,0.1667,0.1667,0.1667,0.1667,B,-0.1667,0.1667
0.1667,0.1667,0.5,0.5,B,0.5,-0.5,-0.1667,0.1667,0.1667,0.1667,0.1667,0.1667,B,-0.1667,0.1667,0.1667,0.1667,0.1667,0.1667,0.5,0.5,B,0.5,-0.5,B,-1.0,B,-2.0,B,-2.0,B
0.1667,0.1667,0.1667,0.1667,0.5,0.5,B,0.5,-0.5,B,-1.0,B,-2.0,B,-2.0,B,-0.5,0.5,0.5,0.5,B,0.5,0.5,0.5,0.5,B,0.5,0.5,0.5,0.5,B,0.5
-0.5,0.5,0.5,0.5,B,0.5,0.5,0.5,0.5,B,0.5,0.5,0.5,0.5,B,0.5,0.5,0.5,0.5,B,0.5,0.5,1.0,B,0.5,-0.5,0.5,0.5,B,0.5,-0.5,-1.0
0.5,0.5,0.5,B,0.5,0.5,1.0,B,0.5,-0.5,0.5,0.5,B,0.5,-0.5,-1.0,B,-1.0,0.5,0.5,B,0.5,-0.5,-1.0,B,-1.0,0.5,0.5,B,0.5,1.0,0.5
B,-1.0,0.5,0.5,B,0.5,-0.5,-1.0,B,-1.0,0.5,0.5,B,0.5,1.0,0.5,B,0.375,0.125,0.375,0.125,1.0,B,0.375,0.125,0.375,0.125,0.75,0.125,0.125,B,0.5
B,0.375,0.125,0.375,0.125,1.0,B,0.375,0.125,0.375,0.125,0.75,0.125,0.125,B,0.5,-0.5,0.5,0.5,B,0.5,1.0,0.5,B,0.5,0.5,0.375,0.125,0.375,0.125,B,0.5
-0.5,0.5,0.5,B,0.5,1.0,0.5,B,0.5,0.5,0.375,0.125,0.375,0.125,B,0.5,1.0,0.5,B,0.5,0.375,0.125,0.5,-0.5,B,-2.0,B,0.5,0.5,0.5,0.5,B
1.0,0.5,B,0.5,0.375,0.125,0.5,-0.5,B,-2.0,B,0.5,0.5,0.5,0.5,B,0.5,0.5,0.5,0.375,0.125,B,0.5,0.5,0.375,0.125,0.375,0.125,B,0.375,0.125,0.375
0.5,0.5,0.5,0.375,0.125,B,0.5,0.5,0.375,0.125,0.375,0.125,B,0.375,0.125,0.375,0.125,0.5,0.5,B,0.5,-0.5,-1.0,B,-0.5,0.5,0.375,0.125,0.375,0.125,B,0.375
0.125,0.5,0.5,B,0.5,-0.5,-1.0,B,-0.5,0.5,0.375,0.125,0.375,0.125,B,0.375,0.125,0.375,0.125,0.5,-0.5,B,-1.0,0.5,0.5,B,0.5,0.5,0.375,0.125,0.375,0.125
0.125,0.375,0.125,0.5,-0.5,B,-1.0,0.5,0.5,B,0.5,0.5,0.375,0.125,0.375,0.125,B,0.5,0.5,0.5,0.5,B,0.5,-0.5,B,-1.0,B,1.5,0.5,B,1.5,0.5
B,0.5,0.5,0.5,0.5,B,0.5,-0.5,B,-1.0,B,1.5,0.5,B,1.5,0.5,B,0.5,0.5,0.5,0.5,B,0.5,0.25,-0.25,0.5,0.5,B,0.5,0.5,-1.0,B
B,0.5,0.5,0.5,0.5,B,0.5,0.25,-0.25,0.5,0.5,B,0.5,0.5,-1.0,B,-0.5,1.0,0.5,B,0.5,0.5,0.5,0.5,B,0.5,0.25,-0.25,B,0.5,0.5,B
-0.5,1.0,0.5,B,0.5,0.5,0.5,0.5,B,0.5,0.25,-0.25,B,0.5,0.5,B,0.5,0.5,0.5,0.5,B,0.5,0.5,0.5,0.5,B,1.0,-0.5,0.5,B,0.5,0.25
0.5,0.5,0.5,0.5,B,0.5,0.5,0.5,0.5,B,1.0,-0.5,0.5,B,0.5,0.25,-0.25,0.5,0.5,B,0.5,0.5,-1.0,B,-0.5,0.5,0.5,0.5,B,0.5,0.5,1.0
-0.25,0.5,0.5,B,0.5,0.5,-1.0,B,-0.5,0.5,0.5,0.5,B,0.5,0.5,1.0,B,0.5,0.5,0.5,0.5,B,0.5,0.5,0.5,0.25,0.25,B,0.5,-0.5,B,0.25
B,0.5,0.5,0.5,0.5,B,0.5,0.5,0.5,0.25,0.25,B,0.5,-0.5,B,0.25,0.125,0.125,0.25,0.25,B,0.25,0.25,0.25,0.25,B,0.25,0.125,0.125,0.25,0.25,0.25
0.125,0.125,0.25,0.25,B,0.25,0.25,0.25,0.25,B,0.25,0.125,0.125,0.25,0.25,0.25,0.25,0.25,0.25,B,0.25,0.125,0.125,0.25,0.25,0.25,0.25,0.25,0.25,B,0.25,0.125
0.25,0.25,0.25,B,0.25,0.125,0.125,0.25,0.25,0.25,0.25,0.25,0.25,B,0.25,0.125,0.125,0.25,0.25,0.25,0.25,0.25,0.25,B,0.25,0.125,0.125,0.25,0.25,0.25,0.25,0.25
0.125,0.25,0.25,0.25,0.25,0.25,0.25,B,0.25,0.125,0.125,0.25,0.25,0.25,0.25,0.25,0.25,B,0.25,0.125,0.125,0.25,0.25,0.25,0.25,0.25,0.25,B,0.25,0.125,0.125,0.25
0.25,B,0.25,0.125,0.125,0.25,0.25,0.25,0.25,0.25,0.25,B,0.25,0.125,0.125,0.25,0.25,0.25,0.125,0.125,0.25,0.25,B,0.25,0.25,0.25,0.25,0.25,0.25,0.25,0.25,B
0.25,0.25,0.125,0.125,0.25,0.25,B,0.25,0.25,0.25,0.25,0.25,0.25,0.25,0.25,B,1.0,-0.5,0.5,B,1.0,-0.5,0.5,B,1.0,-0.5,0.5,B,1.0,-0.5,0.5,B
1.0,-0.5,0.5,B,1.0,-0.5,0.5,B,1.0,-0.5,0.5,B,1.0,-0.5,0.5,B,1.0,-0.5,0.5,B,1.5,0.5,B,0.75,0.25,0.75,0.25,B,0.75,0.25,0.75,0.25
1.0,-0.5,0.5,B,1.5,0.5,B,0.75,0.25,0.75,0.25,B,0.75,0.25,0.75,0.25,B,1.0,0.5,-0.5,B,-2.0,B,-0.5,0.5,0.5,0.5,B,0.5,-0.5,-1.0,B
B,1.0,0.5,-0.5,B,-2.0,B,-0.5,0.5,0.5,0.5,B,0.5,-0.5,-1.0,B,1.0,1.0,B,1.0,-1.0,B,-0.5,0.5,0.5,0.5,B,0.5,0.5,0.5,0.5,B
1.0,1.0,B,1.0,-1.0,B,-0.5,0.5,0.5,0.5,B,0.5,0.5,0.5,0.5,B,0.5,0.5,0.5,0.5,B,0.5,0.5,0.5,0.5,B,0.5,-0.5,-0.5,0.5,B,0.5
0.5,0.5,0.5,0.5,B,0.5,0.5,0.5,0.5,B,0.5,-0.5,-0.5,0.5,B,0.5,0.5,0.75,0.125,0.125,B,0.1667,0.1667,0.1667,0.1667,0.1667,0.1667,0.75,0.25,B,0.5,-0.5
0.5,0.75,0.125,0.125,B,0.1667,0.1667,0.1667,0.1667,0.1667,0.1667,0.75,0.25,B,0.5,-0.5,-1.0,B,1.5,0.5,B,0.5,0.5,0.5,0.5,B,0.5,0.5,0.5,0.375,0.125,B
-1.0,B,1.5,0.5,B,0.5,0.5,0.5,0.5,B,0.5,0.5,0.5,0.375,0.125,B,0.5,0.5,0.5,0.5,B,0.5,0.5,0.5,0.5,B,0.5,0.5,0.5,0.5,B,0.5
0.5,0.5,0.5,0.5,B,0.5,0.5,0.5,0.5,B,0.5,0.5,0.5,0.5,B,0.5,0.5,0.5,0.5,B,1.0,-1.0,B,1.5,0.5,B,1.0,-1.0,B,1.5,0.5,B
0.5,0.5,0.5,B,1.0,-1.0,B,1.5,0.5,B,1.0,-1.0,B,1.5,0.5,B,0.5,-0.5,0.5,-0.5,B,1.0,-1.0,B,-4.0,B,-4.0,B,-4.0,B,-1.0,1.5
0.5,-0.5,0.5,-0.5,B,1.0,-1.0,B,-4.0,B,-4.0,B,-4.0,B,-1.0,1.5,0.5,0.5,0.5,B,1.0,-1.0,-2.0,B,-4.0,B,-4.0,B,-1.0,1.5,0.5,0.5
0.5,0.5,0.5,B,1.0,-1.0,-2.0,B,-4.0,B,-4.0,B,-1.0,1.5,0.5,0.5,0.5,B,1.0,-1.0,-2.0,B,-1.0,1.5,0.5,0.5,0.5,B,1.0,-1.0,-2.0,B
0.5,B,1.0,-1.0,-2.0,B,-1.0,1.5,0.5,0.5,0.5,B,1.0,-1.0,-2.0,B,-1.0,1.5,0.5,0.5,0.5,B,1.0,-1.0,-2.0,B,-1.0,1.0,1.0,1.0,B,1.0
-1.0,1.5,0.5,0.5,0.5,B,1.0,-1.0,-2.0,B,-1.0,1.0,1.0,1.0,B,1.0,1.0,2.0,B,0.5,0.5,0.5,0.5,0.5,0.5,0.5,0.5,B,1.0,-1.0,-2.0,B
1.0,2.0,B,0.5,0.5,0.5,0.5,0.5,0.5,0.5,0.5,B,1.0,-1.0,-2.0,B,2.0,1.0,1.0,B,1.0,1.0,2.0,B,0.5,0.5,0.5,0.5,0.5,0.5,0.5,0.5
2.0,1.0,1.0,B,1.0,1.0,2.0,B,0.5,0.5,0.5,0.5,0.5,0.5,0.5,0.5,B,1.0,-1.0,-2.0,B,2.0,1.0,1.0,B,1.0,1.0,2.0,B,0.5,0.5,0.5
B,1.0,-1.0,-2.0,B,2.0,1.0,1.0,B,1.0,1.0,2.0,B,0.5,0.5,0.5,0.5,0.5,0.5,0.5,0.5,B,1.0,2.0,1.0,B,1.0,-1.0,-2.0,B,-4.0,B
0.5,0.5,0.5,0.5,0.5,B,1.0,2.0,1.0,B,1.0,-1.0,-2.0,B,-4.0,B,-2.0,-1.0,1.0,B,0.5,0.5,0.5,0.5,1.0,1.0,B,0.5,0.5,0.5,0.5,1.0
-2.0,-1.0,1.0,B,0.5,0.5,0.5,0.5,1.0,1.0,B,0.5,0.5,0.5,0.5,1.0,1.0,B,0.5,0.5,1.5,0.5,1.0,B,1.0,1.0,1.0,1.0,B,1.0,2.0,1.0
1.0,B,0.5,0.5,1.5,0.5,1.0,B,1.0,1.0,1.0,1.0,B,1.0,2.0,1.0,B,1.0,1.0,1.0,1.0,B,1.0,1.0,1.0,1.0,B,1.0,-1.0,-2.0,B,-2.0
B,1.0,1.0,1.0,1.0,B,1.0,1.0,1.0,1.0,B,1.0,-1.0,-2.0,B,-2.0,-1.0,1.0,B,0.5,0.5,0.5,0.5,1.0,1.0,B,1.0,1.5,0.5,0.5,0.5,B
-1.0,1.0,B,0.5,0.5,0.5,0.5,1.0,1.0,B,1.0,1.5,0.5,0.5,0.5,B,1.0,-1.0,-2.0,B,2.0,1.0,1.0,B,2.0,2.0,B,1.0,1.0,2.0,B,1.0
1.0,-1.0,-2.0,B,2.0,1.0,1.0,B,2.0,2.0,B,1.0,1.0,2.0,B,1.0,0.5,0.5,2.0,B,1.0,-1.0,-2.0,B,2.0,1.0,1.0,B,1.0,1.0,1.0,1.0
0.5,0.5,2.0,B,1.0,-1.0,-2.0,B,2.0,1.0,1.0,B,1.0,1.0,1.0,1.0,B,1.0,1.0,1.0,1.0,B,1.0,1.0,1.0,1.0,B,1.0,1.5,0.5,0.5,0.5
B,1.0,1.0,1.0,1.0,B,1.0,1.0,1.0,1.0,B,1.0,1.5,0.5,0.5,0.5,B,1.0,1.5,0.5,0.5,0.5,B,1.0,1.5,0.5,0.5,0.5,B,1.0,1.5,0.5
B,1.0,1.5,0.5,0.5,0.5,B,1.0,1.5,0.5,0.5,0.5,B,1.0,1.5,0.5,0.5,0.5,B,1.0,-1.0,-2.0,B,-0.5,0.5,0.5,0.5,0.5,0.5,0.5,0.5,B
0.5,0.5,B,1.0,-1.0,-2.0,B,-0.5,0.5,0.5,0.5,0.5,0.5,0.5,0.5,B,0.5,0.5,0.5,0.5,0.5,0.5,0.5,0.5,B,0.5,0.5,0.5,0.5,0.5,0.5,0.5
0.5,0.5,0.5,0.5,0.5,0.5,0.5,0.5,B,0.5,0.5,0.5,0.5,0.5,0.5,0.5,0.5,B,3.0,1.0,B,1.0,-1.0,-2.0,B,-4.0,B,-4.0,B,2.0,2.0,B
0.5,B,3.0,1.0,B,1.0,-1.0,-2.0,B,-4.0,B,-4.0,B,2.0,2.0,B,4.0,B,1.0,-1.0,1.0,-1.0,B,1.0,-1.0,1.0,-1.0,B,1.0,-1.0,-2.0,B
4.0,B,1.0,-1.0,1.0,-1.0,B,1.0,-1.0,1.0,-1.0,B,1.0,-1.0,-2.0,B,-2.0,-1.0,1.0,B,2.0,1.0,-1.0,B,-2.0,-1.0,1.0,B,2.0,1.0,-1.0,B
-2.0,-1.0,1.0,B,2.0,1.0,-1.0,B,-2.0,-1.0,1.0,B,2.0,1.0,-1.0,B,-2.0,-1.0,1.0,B,2.0,1.0,-1.0,B,-2.0,-1.0,1.0,B,2.0,1.0,1.0,B
-2.0,-1.0,1.0,B,2.0,1.0,-1.0,B,-2.0,-1.0,1.0,B,2.0,1.0,1.0,B,2.0,1.0,1.0,B,2.0,1.0,-1.0,B,-1.0,1.0,1.0,-1.0,B,2.0,1.0,1.0
2.0,1.0,1.0,B,2.0,1.0,-1.0,B,-1.0,1.0,1.0,-1.0,B,2.0,1.0,1.0,B,1.0,-1.0,-2.0,B,2.0,1.0,1.0,B,1.0,-1.0,-2.0,B,2.0,2.0,B
B,1.0,-1.0,-2.0,B,2.0,1.0,1.0,B,1.0,-1.0,-2.0,B,2.0,2.0,B,1.0,1.0,1.0,1.0,B,1.0,-1.0,-2.0,B,-4.0,B,2.0,1.0,1.0,B,2.0
1.0,1.0,1.0,1.0,B,1.0,-1.0,-2.0,B,-4.0,B,2.0,1.0,1.0,B,2.0,2.0,B,1.0,1.0,2.0,B,1.0,0.5,0.5,2.0,B,1.0,-1.0,-2.0,B,2.0
2.0,B,1.0,1.0,2.0,B,1.0,0.5,0.5,2.0,B,1.0,-1.0,-2.0,B,2.0,1.0,1.0,B,1.0,1.0,1.0,1.0,B,1.0,1.0,1.0,1.0,B,1.0,1.0,1.0
1.0,1.0,B,1.0,1.0,1.0,1.0,B,1.0,1.0,1.0,1.0,B,1.0,1.0,1.0,1.0,B,1.0,-1.0,-2.0,B,2.0,1.0,1.0,B,1.0,-1.0,-2.0,B,2.0,1.0
1.0,B,1.0,-1.0,-2.0,B,2.0,1.0,1.0,B,1.0,-1.0,-2.0,B,2.0,1.0,1.0,B,0.5,0.5,0.5,0.5,0.5,0.5,0.5,0.5,B,0.5,0.5,0.5,0.5,0.5
1.0,B,0.5,0.5,0.5,0.5,0.5,0.5,0.5,0.5,B,0.5,0.5,0.5,0.5,0.5,0.5,0.5,0.5,B,1.0,1.0,1.0,1.0,B,0.5,0.5,0.5,0.5,0.5,0.5,0.5
0.5,0.5,0.5,B,1.0,1.0,1.0,1.0,B,0.5,0.5,0.5,0.5,0.5,0.5,0.5,0.5,B,1.0,1.0,1.0,1.0,B,0.5,0.5,0.5,0.5,0.5,0.5,0.5,0.5,B
0.5,B,1.0,1.0,1.0,1.0,B,0.5,0.5,0.5,0.5,0.5,0.5,0.5,0.5,B,1.0,1.0,2.0,B,1.0,1.0,1.0,1.0,B,1.0,1.0,1.0,1.0,B,2.0,1.0
1.0,1.0,2.0,B,1.0,1.0,1.0,1.0,B,1.0,1.0,1.0,1.0,B,2.0,1.0,1.0,B,0.5,0.5,0.5,0.5,0.5,0.5,0.5,0.5,B,2.0,1.0,1.0,B,0.5
1.0,B,0.5,0.5,0.5,0.5,0.5,0.5,0.5,0.5,B,2.0,1.0,1.0,B,0.5,0.5,0.5,0.5,0.5,0.5,0.5,0.5,B,1.0,1.0,1.0,1.0,B,1.0,-1.0,-2.0
0.5,0.5,0.5,0.5,0.5,0.5,0.5,B,1.0,1.0,1.0,1.0,B,1.0,-1.0,-2.0,B,4.0,B,4.0,B,2.0,2.0,B,4.0,B,4.0,B,2.0,2.0,B,2.0
B,4.0,B,4.0,B,2.0,2.0,B,4.0,B,4.0,B,2.0,2.0,B,2.0,2.0,B,4.0,B,4.0,B,4.0,B,4.0,B,1.0,1.0,1.0,1.0,B,4.0
2.0,B,4.0,B,4.0,B,4.0,B,4.0,B,1.0,1.0,1.0,1.0,B,4.0,B,4.0,B,4.0,B,1.0,1.0,1.0,1.0,B,-1.0,1.0,1.0,1.0,B,-1.0
B,4.0,B,4.0,B,1.0,1.0,1.0,1.0,B,-1.0,1.0,1.0,1.0,B,-1.0,1.0,1.0,1.0,B,-1.0,1.0,1.0,1.0,B,-1.0,1.0,1.0,1.0,B,2.0,2.0
1.0,1.0,1.0,B,-1.0,1.0,1.0,1.0,B,-1.0,1.0,1.0,1.0,B,2.0,2.0,B,2.0,2.0,B,0.5,0.5,0.5,0.5,0.5,0.5,0.5,0.5,B,0.5,0.5,0.5
B,2.0,2.0,B,0.5,0.5,0.5,0.5,0.5,0.5,0.5,0.5,B,0.5,0.5,0.5,0.5,0.5,0.5,0.5,0.5,B,1.0,-1.0,1.0,-1.0,B,1.0,-1.0,1.0,-1.0,B
0.5,0.5,0.5,0.5,0.5,B,1.0,-1.0,1.0,-1.0,B,1.0,-1.0,1.0,-1.0,B,1.0,1.0,-2.0,B,-1.0,1.0,-2.0,B,-1.0,1.0,-2.0,B,1.0,-1.0,1.0,-1.0
1.0,1.0,-2.0,B,-1.0,1.0,-2.0,B,-1.0,1.0,-2.0,B,1.0,-1.0,1.0,-1.0,B,1.0,-1.0,-2.0,B,-4.0,B,-4.0,B,-0.5,0.5,0.5,0.5,0.5,0.5,0.5
B,1.0,-1.0,-2.0,B,-4.0,B,-4.0,B,-0.5,0.5,0.5,0.5,0.5,0.5,0.5,0.5,B,1.0,2.0,1.0,B,1.0,-1.0,-2.0,B,-4.0,B,-0.5,0.5,0.5,0.5
0.5,B,1.0,2.0,1.0,B,1.0,-1.0,-2.0,B,-4.0,B,-0.5,0.5,0.5,0.5,0.5,0.5,0.5,0.5,B,1.0,2.0,1.0,B,1.0,2.0,1.0,B,1.0,2.0,1.0
0.5,0.5,0.5,0.5,B,1.0,2.0,1.0,B,1.0,2.0,1.0,B,1.0,2.0,1.0,B,1.0,2.0,1.0,B,1.0,2.0,1.0,B,1.0,1.0,1.0,1.0,B,0.5,0.5
B,1.0,2.0,1.0,B,1.0,2.0,1.0,B,1.0,1.0,1.0,1.0,B,0.5,0.5,0.5,0.5,0.5,0.5,0.5,0.5,B,1.0,1.0,2.0,B,0.5,0.5,0.5,0.5,0.5
0.5,0.5,0.5,0.5,0.5,0.5,B,1.0,1.0,2.0,B,0.5,0.5,0.5,0.5,0.5,0.5,0.5,0.5,B,1.0,-1.0,-2.0,B,2.0,1.0,1.0,B,2.0,2.0,B,0.5
0.5,0.5,0.5,B,1.0,-1.0,-2.0,B,2.0,1.0,1.0,B,2.0,2.0,B,0.5,0.5,0.5,0.5,0.5,0.5,0.5,0.5,B,1.0,-1.0,-2.0,B,2.0,1.0,1.0,B
0.5,0.5,0.5,0.5,0.5,0.5,0.5,B,1.0,-1.0,-2.0,B,2.0,1.0,1.0,B,2.0,2.0,B,0.5,0.5,0.5,0.5,0.5,0.5,0.5,0.5,B,1.0,2.0,1.0,B
2.0,2.0,B,0.5,0.5,0.5,0.5,0.5,0.5,0.5,0.5,B,1.0,2.0,1.0,B,1.0,-1.0,-2.0,B,-4.0,B,-2.0,-1.0,1.0,B,0.5,0.5,0.5,0.5,1.0,1.0
1.0,-1.0,-2.0,B,-4.0,B,-2.0,-1.0,1.0,B,0.5,0.5,0.5,0.5,1.0,1.0,B,0.5,0.5,0.5,0.5,1.0,1.0,B,0.5,0.5,1.5,0.5,1.0,B,1.0,1.0
B,0.5,0.5,0.5,0.5,1.0,1.0,B,0.5,0.5,1.5,0.5,1.0,B,1.0,1.0,1.0,1.0,B,1.0,1.0,1.0,1.0,B,1.0,1.0,1.0,1.0,B,1.0,1.0,1.0
1.0,1.0,B,1.0,1.0,1.0,1.0,B,1.0,1.0,1.0,1.0,B,1.0,1.0,1.0,1.0,B,1.0,-1.0,-2.0,B,-2.0,-1.0,1.0,B,0.5,0.5,0.5,0.5,1.0,1.0
1.0,B,1.0,-1.0,-2.0,B,-2.0,-1.0,1.0,B,0.5,0.5,0.5,0.5,1.0,1.0,B,1.0,1.5,0.5,0.5,0.5,B,1.0,-1.0,-2.0,B,2.0,1.0,1.0,B,2.0
B,1.0,1.5,0.5,0.5,0.5,B,1.0,-1.0,-2.0,B,2.0,1.0,1.0,B,2.0,2.0,B,1.0,1.0,2.0,B,1.0,0.5,0.5,2.0,B,1.0,-1.0,-2.0,B,2.0
2.0,B,1.0,1.0,2.0,B,1.0,0.5,0.5,2.0,B,1.0,-1.0,-2.0,B,2.0,1.0,1.0,B,1.0,1.0,1.0,1.0,B,1.0,1.0,1.0,1.0,B,1.0,1.0,1.0
1.0,1.0,B,1.0,1.0,1.0,1.0,B,1.0,1.0,1.0,1.0,B,1.0,1.0,1.0,1.0,B,1.0,1.5,0.5,0.5,0.5,B,1.0,1.5,0.5,0.5,0.5,B,1.0,1.5
1.0,B,1.0,1.5,0.5,0.5,0.5,B,1.0,1.5,0.5,0.5,0.5,B,1.0,1.5,0.5,0.5,0.5,B,1.0,1.5,0.5,0.5,0.5,B,1.0,-1.0,-2.0,B,-0.5,0.5
0.5,0.5,0.5,B,1.0,1.5,0.5,0.5,0.5,B,1.0,-1.0,-2.0,B,-0.5,0.5,0.5,0.5,0.5,0.5,0.5,0.5,B,0.5,0.5,0.5,0.5,0.5,0.5,0.5,0.5,B
0.5,0.5,0.5,0.5,0.5,0.5,B,0.5,0.5,0.5,0.5,0.5,0.5,0.5,0.5,B,0.5,0.5,0.5,0.5,0.5,0.5,0.5,0.5,B,2.0,2.0,B,0.5,0.5,-1.0,-2.0
0.5,0.5,0.5,0.5,0.5,0.5,0.5,0.5,B,2.0,2.0,B,0.5,0.5,-1.0,-2.0,B,-4.0,B,-4.0,B,2.0,2.0,B,4.0,B,2.0,1.0,1.0,B,1.0,-1.0
B,-4.0,B,-4.0,B,2.0,2.0,B,4.0,B,2.0,1.0,1.0,B,1.0,-1.0,-2.0,B,-4.0,B,-4.0,B,2.0,2.0,B,2.0,2.0,B,1.0,-1.0,1.0,-1.0
-2.0,B,-4.0,B,-4.0,B,2.0,2.0,B,2.0,2.0,B,1.0,-1.0,1.0,-1.0,B,1.0,-1.0,1.0,-1.0,B,1.0,-1.0,-2.0,B,-2.0,-1.0,1.0,B,2.0,1.0
B,1.0,-1.0,1.0,-1.0,B,1.0,-1.0,-2.0,B,-2.0,-1.0,1.0,B,2.0,1.0,-1.0,B,-2.0,-1.0,1.0,B,2.0,1.0,-1.0,B,-2.0,-1.0,1.0,B,2.0,1.0
-1.0,B,-2.0,-1.0,1.0,B,2.0,1.0,-1.0,B,-2.0,-1.0,1.0,B,2.0,1.0,-1.0,B,-2.0,-1.0,1.0,B,2.0,1.0,1.0,B,2.0,1.0,1.0,B,2.0,1.0
-1.0,B,-2.0,-1.0,1.0,B,2.0,1.0,1.0,B,2.0,1.0,1.0,B,2.0,1.0,1.0,B,1.0,-1.0,-1.0,1.0,B,1.0,-1.0,-2.0,B,-4.0,B,2.0,1.0,1.0
1.0,B,1.0,-1.0,-1.0,1.0,B,1.0,-1.0,-2.0,B,-4.0,B,2.0,1.0,1.0,B,1.0,-1.0,-1.0,1.0,B,0.5,0.5,0.5,0.5,1.0,1.0,B,1.0,-1.0,-2.0
B,1.0,-1.0,-1.0,1.0,B,0.5,0.5,0.5,0.5,1.0,1.0,B,1.0,-1.0,-2.0,B,1.0,1.0,1.0,1.0,B,1.0,-1.0,-2.0,B,-1.0,1.0,1.0,1.0,B,2.0
B,1.0,1.0,1.0,1.0,B,1.0,-1.0,-2.0,B,-1.0,1.0,1.0,1.0,B,2.0,1.0,1.0,B,0.5,0.5,0.5,0.5,0.5,0.5,0.5,0.5,B,2.0,1.0,1.0,B
1.0,1.0,B,0.5,0.5,0.5,0.5,0.5,0.5,0.5,0.5,B,2.0,1.0,1.0,B,0.5,0.5,0.5,0.5,1.0,1.0,B,1.0,-1.0,-2.0,B,2.0,1.0,1.0,B,0.5
0.5,0.5,0.5,0.5,1.0,1.0,B,1.0,-1.0,-2.0,B,2.0,1.0,1.0,B,0.5,0.5,0.5,0.5,0.5,0.5,0.5,0.5,B,2.0,1.0,1.0,B,0.5,0.5,0.5,0.5
0.5,0.5,0.5,0.5,0.5,0.5,0.5,B,2.0,1.0,1.0,B,0.5,0.5,0.5,0.5,1.0,1.0,B,0.5,0.5,0.5,0.5,1.0,1.0,B,0.5,0.5,0.5,0.5,1.0,1.0
1.0,1.0,B,0.5,0.5,0.5,0.5,1.0,1.0,B,0.5,0.5,0.5,0.5,1.0,1.0,B,1.0,1.0,1.0,1.0,B,1.0,-1.0,-2.0,B,-2.0,-1.0,1.0,B,1.0,-1.0
B,1.0,1.0,1.0,1.0,B,1.0,-1.0,-2.0,B,-2.0,-1.0,1.0,B,1.0,-1.0,1.0,-1.0,B,2.0,2.0,B,1.0,-1.0,-2.0,B,-2.0,-1.0,1.0,B,1.0,-1.0
1.0,-1.0,B,2.0,2.0,B,1.0,-1.0,-2.0,B,-2.0,-1.0,1.0,B,1.0,-1.0,1.0,-1.0,B,1.0,-1.0,1.0,-1.0,B,1.0,-1.0,-2.0,B,-0.5,0.5,0.5,0.5
1.0,-1.0,B,1.0,-1.0,1.0,-1.0,B,1.0,-1.0,-2.0,B,-0.5,0.5,0.5,0.5,0.5,0.5,0.5,0.5,B,1.0,-1.0,-2.0,B,-4.0,B,-4.0,B,2.0,1.0,1.0
